shortName,name,averageDelay,passagesCount,latitude,longitude
1090,Gołuchowice,2.310810810810811,74,49.94627805555555,19.784719166666665
1159,Czarnochowice I (nż),2.9767441860465116,43,50.0122425,20.07396
2904,Jeziorzany Pętla,1.7387387387387387,222,49.9871,19.7784
296,Rączna Kapliczka (nż),2.9545454545454546,22,50.015395,19.768885
3210,Boleń Pętla,2.3333333333333335,9,50.1288,19.9831
467,Lubocza PKP (nż),6.166666666666667,6,50.08859972222222,20.073514166666666
675,Ks.Łaczka (nż),2.9609690444145356,743,50.01012027777778,20.02880861111111
125,Rondo Mogilskie,3.9541365320162285,5669,50.06574055555556,19.959046666666666
1372,Winnicka (nż),4.157894736842105,38,50.019955,19.871663055555555
3281,Głęboka Staw,2.0,4,50.13319194444444,20.14928638888889
944,Pod Fortem,3.0476190476190474,126,49.99872416666667,19.896941666666667
1265,Zastów Działki (nż),1.6,5,50.121559166666664,20.056503888888887
1280,Wola Batorska Ruskie (nż),1.4,5,50.05315,20.25814972222222
2530,Przybyszewskiego,5.439911308203991,4510,50.0707,19.8989
2700,Będkowice Pętla,1.0,3,50.16107,19.74877
2725,Bieżanów Granica Miasta,2.9285714285714284,42,50.01032222222222,20.064702222222223
2898,Piekary Borki (nż),1.7741935483870968,31,50.0285,19.7867
666,Sucharskiego (nż),1.1291666666666667,720,50.01808944444444,20.04341388888889
870,Prądnik Biały Zachód,4.387735849056604,1060,50.094069166666664,19.9243575
124,Cmentarz Rakowicki,3.391914893617021,2350,50.07392361111111,19.958618055555554
2895,Kryspinów Stopień Wodny (nż),2.066666666666667,30,50.03610333333334,19.81025
2930,Skawina Kopernika (nż),4.052631578947368,19,49.9661,19.8501
3121,Bazarowa,12.727272727272727,44,50.03416611111111,20.04226166666667
3249,Zabierzów Rynek,-3.0,3,50.116503055555555,19.79988611111111
3312,Konary Królowej Polski (nż),3.0,18,49.9334,19.9155
447,Zesławice,0.4827586206896552,29,50.10627,20.04387
591,Tyniec Kamieniołom,0.6871165644171779,163,50.008356944444444,19.814593055555555
7,Zakliki (nż),4.793181818181818,880,50.08305388888889,19.849936111111113
3167,Tomaszowice Kolberga (nż),0.6666666666666666,3,50.13474,19.8369
475,Dojazdów PKS,1.9090909090909092,11,50.1271475,20.1023675
718,Witosa,4.936183395291202,1614,50.0126075,19.956326944444445
2477,Radziszów Stare Sanatorium (nż),3.145038167938931,262,49.909552777777776,19.827370833333333
2495,Zabawa (nż),5.5,10,49.994439166666666,20.090386666666667
2644,Kościelniki,1.6,10,50.09025833333333,20.175305555555557
2789,Zakole,2.1739130434782608,23,50.10888972222222,20.053136944444443
2808,Ludwinów,5.4805755395683455,5560,50.04323138888889,19.934954444444443
3179,Zakarnie (nż),2.0,12,50.05292,20.0634
3299,Rybna Kościół,2.9261363636363638,176,50.0493875,19.646951944444446
577,Słomiana,3.921709894332373,2082,50.04078,19.924296666666667
581,Zielińskiego (nż),2.315904139433551,918,50.04703861111111,19.912455
740,Myślenicka (nż),5.788129744651484,1449,50.00535027777778,19.943994166666666
747,Borek Fałęcki,0.5866020273248127,2269,50.01159361111111,19.927098333333333
1104,Skawina Elektrownia (nż),5.086956521739131,23,49.9729,19.8022
2531,Cmentarz Rakowicki Zachód (nż),3.2232868152468237,4801,50.076025,19.947364166666667
272,Bielańskie Skały (nż),2.343283582089552,1206,50.044109444444445,19.85115138888889
2964,Michałowice Górna (nż),7.0,1,50.168461388888886,19.9511525
2980,Węgrzce Bosutów (nż),2.3823529411764706,34,50.10726472222222,19.985152222222222
442,Wzgórza Krzesławickie,2.40032154340836,1244,50.094946944444445,20.0648175
462,Agencja Kraków Wschód (nż),2.6666666666666665,3,50.08768,20.07948
470,Lubocza Szkoła,4.523809523809524,21,50.094926666666666,20.094118055555555
711,Stojałowskiego,6.056834194457492,2129,50.005158888888886,19.955258055555557
743,Bujaka,5.737742303306727,4385,50.01002527777778,19.948654722222223
975,Czajowice (nż),1.1428571428571428,7,50.18967166666667,19.797734722222224
1008,Skawina Sąd,3.778947368421053,95,49.975838055555556,19.816859444444443
1305,Zakrzów (nż),4.090909090909091,11,50.00934027777778,20.144667777777777
15,Pasternik (nż),3.0427350427350426,117,50.09811,19.868535
232,Morawica Krzyżówka,2.076923076923077,13,50.08061333333333,19.749726111111112
234,Morawica Cmentarz (nż),1.5454545454545454,11,50.080280555555554,19.755619444444445
2605,Świdzińskiego (nż),2.478494623655914,372,50.01049916666667,20.032434444444444
2628,Garlica Duchowna Rozjazd,1.0,1,50.1502,19.9218
2720,Trzecia Góra (nż),2.4285714285714284,21,50.11006416666667,19.96583638888889
2729,Michałowice Ośrodek Zdrowia,6.25,4,50.16178333333333,19.97952777777778
282,Kaszów II (nż),1.45,20,50.03891472222222,19.720428333333334
2953,Mogilany Kopce (nż),1.5357142857142858,140,49.944206666666666,19.869425
3280,Czulice Przymiarki (nż),0.5,2,50.1225,20.1873
383,Rondo Piastowskie,5.597222222222222,144,50.09431055555556,20.010994444444446
448,Cmentarz Grębałów,4.458333333333333,24,50.09108388888889,20.070206666666667
54,Azory,-0.0055617352614015575,1798,50.086486944444445,19.909300555555557
1158,Kokotów I (nż),3.159090909090909,44,50.012215,20.08385611111111
1207,Wołowice Niwa (nż),2.6153846153846154,13,49.988506666666666,19.702443333333335
2545,Sołtysowska Zakłady,2.2666666666666666,15,50.064120833333334,20.014499166666667
2812,Os.Podwawelskie,-0.7011191573403555,1519,50.0463,19.9323
2988,Raciborowice Granica (nż),1.25,16,50.11855111111111,20.040567777777778
3145,Grabówki Pętla,2.8125,16,49.9738,20.0005
483,Wadów Osiedle (nż),4.0,16,50.10543,20.1220875
132,Radzikowskiego,2.3333333333333335,3,50.08331722222222,19.909111111111113
154,Raczkiewicza (nż),3.0789473684210527,38,50.06881027777778,19.8374125
2931,Kopanka Pętla,1.5820895522388059,67,49.9772,19.7631
3140,UR Aleja 29 Listopada,4.211892797319933,5970,50.082250277777774,19.951665
317,Instytut Reumatologii,2.1122448979591835,98,50.05775083333333,19.91403
714,Tuchowska,3.7191435768261965,794,50.01273305555556,19.967710555555556
987,Tomaszowice Wedonka (nż),0.3333333333333333,3,50.1335,19.8558
1290,Niepołomice Jazy II (nż),1.25,4,50.046775833333335,20.246182222222224
200,Zabierzów Sklep,9.25,8,50.111064166666665,19.812749444444446
2951,Ochojno Dąbrówki,1.8666666666666667,15,49.959408333333336,19.96339222222222
388,Dunikowskiego,4.567104511707596,1751,50.091593055555556,20.016346111111112
428,Os.Wandy,8.478260869565217,23,50.06935111111111,20.048817777777778
521,Wyciąże Wiadukt (nż),9.461538461538462,13,50.07906222222222,20.17270361111111
625,Malborska,5.371084337349398,2905,50.02632611111111,19.973638333333334
101,Strzelców,2.4081632653061225,49,50.09296194444445,19.975254166666666
1093,Polanka Hallera Dwór,1.9216867469879517,166,49.937643055555554,19.765900555555554
1192,Krzyszkowice Kasztanowa I (nż),6.666666666666667,15,49.9866,20.0242
1259,Wysłouchów,6.37037037037037,54,50.008118055555556,19.953599166666667
672,Bieżanów Kaim,3.68,25,50.00807611111111,20.045039166666665
986,Modlnica,0.3333333333333333,3,50.13062305555555,19.8631775
1112,Wielkie Drogi Trzebol (nż),8.5,8,49.96071472222222,19.686406944444446
2648,Brzeska (nż),8.076923076923077,13,50.072490277777774,20.1896875
279,Nowa Wieś Kościół (nż),1.4444444444444444,18,50.02731444444444,19.697554722222222
2863,Skawina Centrum Sportowe,3.40625,32,49.9712,19.8257
3187,Orłowskiego (nż),4.357142857142857,14,50.1082,20.1083
415,Aleja Przyjaźni,0.5294117647058824,68,50.07538611111111,20.03459611111111
422,Os.Zielone,4.967741935483871,62,50.079251666666664,20.04566861111111
543,Przylasek Wyciąski (nż),5.0476190476190474,21,50.05903194444444,20.176718055555554
685,Instytut Pediatrii,1.7414529914529915,936,50.010238333333334,20.000145555555555
979,Będkowice Mosurowa (nż),1.0,7,50.1807,19.7672
1111,Jaśkowice PKP (nż),8.625,8,49.960699444444444,19.674220555555557
961,Zabierzów Młyn,-0.3333333333333333,3,50.11965361111111,19.801657777777777
1099,Krzęcin Szkoła,3.6666666666666665,3,49.9438,19.739
1205,Wołowice Sklep (nż),2.642857142857143,14,49.989402222222225,19.720433055555556
29,Witkowice,0.4782608695652174,46,50.108580833333335,19.94314
2989,Cmentarz Grębałów Południe (nż),4.48,25,50.09016277777778,20.063681388888888
703,Barycz (nż),1.5454545454545454,11,49.98519861111111,20.002464166666666
788,Radziszów Centrum,3.390151515151515,264,49.93870916666667,19.809794444444446
836,Dwór Czeczów,3.4,25,50.015233888888886,20.040507777777776
1100,Skawina Wyspiańskiego,4.846153846153846,13,49.9745,19.8565
112,Stella-Sawickiego,1.7058823529411764,102,50.07472194444444,20.004267777777777
2587,Fort Swoszowice (nż),1.4166666666666667,24,49.98905805555555,19.956121666666668
2896,Piekary Na Brzegu (nż),1.793103448275862,29,50.029585,19.80729
3074,Kłuszyńska,6.561643835616438,73,49.98740472222222,19.913491666666665
42,Skrajna (nż),1.25,4,50.092418333333335,19.917706388888888
424,Os.Na Skarpie,5.800655737704918,1525,50.06925472222222,20.04618333333333
863,Ochojno Kamieniec,2.3125,16,49.95728805555556,19.971280833333335
2772,Libertów Zgodna (nż),4.08,150,49.9779,19.9092
2784,Zielonki Galicyjska (nż),3.35,20,50.12236305555555,19.932850555555557
468,Lubocza Bugaj (nż),4.416666666666667,24,50.09218805555555,20.074551111111113
626,Makowa,5.420725388601037,2895,50.027205,19.966294166666668
686,Dom Spokojnej Starości,0.8670309653916212,549,50.009260833333336,20.004160555555554
73,Politechnika,3.920445609436435,7630,50.07118055555556,19.944861666666668
974,Murownia (nż),1.2857142857142858,7,50.17854916666667,19.81372361111111
2702,Wola Zachariaszowska Kresy,2.1666666666666665,6,50.1588,19.942
356,Zastów,1.4444444444444444,9,50.121313055555554,20.05051611111111
459,Kombinat,1.5188519977490151,3554,50.07918611111111,20.06553
512,Branice Pagórek (nż),1.75,4,50.06863305555556,20.140000555555556
710,Os.Kurdwanów,1.70521327014218,1055,50.00469555555556,19.95898111111111
2633,Belwederczyków (nż),2.55,20,50.106031944444446,19.964731944444445
2699,Cmentarz Batowice Wschód (nż),1.0,3,50.10244888888889,19.98675
3325,Świątniki Górne Krakowska (nż),1.35,20,49.93884527777778,19.942568333333334
478,Prusy Szkoła (nż),1.6923076923076923,13,50.11383083333333,20.085076944444445
541,Bartnicza (nż),5.3,20,50.056646944444445,20.1869225
970,Szyce II (nż),1.0,6,50.143011666666666,19.862433055555556
113,AWF,1.6666666666666667,15,50.073922777777774,19.997903333333333
1215,Czułówek (nż),2.25,4,50.0395,19.6832
1365,Czułówek Kapliczka,2.0,2,50.0424,19.6801
2759,Szpital Okulistyczny,2.6785714285714284,28,50.09935055555555,20.064070277777777
30,Witkowice Nowe,1.6,75,50.1051875,19.944291944444444
3288,Polanowice Boisko (nż),1.6,5,50.19804305555556,20.091375833333334
406,Medweckiego,2.0,85,50.07617111111111,20.00732861111111
432,Bulwarowa (nż),4.227360308285164,1557,50.07530555555556,20.0528825
584,Kobierzyńska,3.873618452666987,2081,50.0341275,19.925678055555554
2578,Weigla,3.4166666666666665,24,50.01298638888889,20.04307361111111
2738,Wadów Os.Kolejowe,3.909090909090909,22,50.097008055555555,20.128799166666667
2778,Rzeszotary Pod Dębiną (nż),2.586206896551724,29,49.93843361111111,19.9678725
3072,Chełmońskiego Pętla,3.0483383685800605,1324,50.09356,19.89739
3131,Warszewicza (nż),4.678571428571429,28,49.99780638888889,19.945964166666666
34,Bociana,5.420373027259684,2091,50.09401694444445,19.952260555555554
443,Grębałów (nż),1.4772727272727273,44,50.10123194444444,20.0693425
786,Radziszów Włosanka (nż),3.4099616858237547,261,49.93044,19.820686388888888
880,Malborska Szkoła,4.536127167630058,1384,50.022148333333334,19.964981388888887
910,Dąbrowa Szlachecka Krzyż (nż),2.3846153846153846,13,49.9986,19.7514
133,Wesele,12.92907290729073,5555,50.0789,19.89833
2562,Tyniecka Autostrada (nż),3.1140495867768596,605,50.02185333333333,19.827396666666665
2739,Ks.Targosza (nż),1.0,2,50.042768611111114,20.052813611111112
2791,Stawowa,4.484033613445378,1785,50.0939,19.89278
3316,Świątniki Górne Bielowicza Szkoła,2.3333333333333335,48,49.935134166666664,19.96270277777778
1124,Wola Radziszowska Mała Ostra Góra (nż),10.384615384615385,286,49.9067,19.815
287,Liszki UG,2.639945652173913,736,50.03863444444445,19.768039166666668
365,Rondo Grzegórzeckie,10.367088607594937,79,50.057628055555554,19.959050555555557
425,Szpital Żeromskiego,8.09433962264151,53,50.06648666666667,20.046764166666666
670,Bieżanów Potrzask,2.7083333333333335,24,50.00812416666667,20.05300972222222
737,Wilga (nż),1.4032567049808429,1044,49.99498722222222,19.930509166666667
789,Radziszów Kamionna (nż),3.2813688212927756,263,49.94671388888889,19.811243333333334
966,Tor Kajakowy,7.03886925795053,283,50.032538333333335,19.82916361111111
995,Meissnera,2.214038128249567,1154,50.0754425,19.97950972222222
1282,Wola Batorska Kościół (nż),1.4,5,50.052883888888886,20.27628361111111
903,Ślósarczyka,3.8333333333333335,24,50.00957138888889,20.041725555555555
989,Tomaszowice,0.3333333333333333,3,50.13436194444444,19.84193888888889
139,Tondosa (nż),1.9591836734693877,98,50.06068416666667,19.8922275
146,ZOO,-3.962962962962963,27,50.05482111111111,19.85514388888889
2889,Zagacie Witkówki (nż),3.3054187192118225,203,50.00425055555556,19.70229861111111
2913,Burów Centrum,1.2,5,50.09520472222222,19.76940388888889
310,Malczewskiego (nż),2.5136162127929067,1579,50.049304166666666,19.902910555555554
3148,Wróblowice,4.038338658146965,626,49.97965361111111,19.94439861111111
1109,Brzeźnica Kuźnia (nż),8.333333333333334,12,49.963,19.6492
1347,Konary Sęk (nż),3.0,13,49.9354,19.9275
2564,Wały Wiślane (nż),3.0163934426229506,610,50.02755416666667,19.84719777777778
3261,Sewera (nż),9.840832395950507,3556,50.073416944444446,19.896751944444443
352,Batowice Kapliczka,1.3333333333333333,15,50.11144111111111,20.015943888888888
379,Piasta Kołodzieja,11.225806451612904,31,50.09822111111111,20.013374166666665
559,Saska,4.139211136890951,1293,50.045092777777775,19.983619166666667
1089,Rzozów Szkoła,2.391891891891892,74,49.952619722222224,19.7944325
2478,Skawina Tyniecka Osiedle,3.8,20,49.9784,19.82
2576,Zajezdnia Płaszów,3.857142857142857,35,50.03542,20.011653333333335
2708,Brzyczyna,4.769230769230769,13,49.9726,19.8691
695,Rajsko,2.389830508474576,59,49.98698972222222,19.969113055555557
8,Mydlniki,2.020743301642178,1157,50.084470555555555,19.844989444444444
1117,Borek Szlachecki II (nż),6.15,20,49.96495,19.771516944444443
1227,Przeginia Narodowa (nż),0.7647058823529411,17,50.00577416666667,19.66066222222222
2561,Bolesława Śmiałego,3.2218597063621535,613,50.018320555555555,19.817783055555555
2816,Wieliczka Solne Miasto,4.571428571428571,7,49.9857,20.0461
2975,Krasieniec Pod Lipą,3.0,1,50.2074,19.9379
3063,Kozienicka,1.3333333333333333,30,50.00607,19.85868
894,Wołowice (nż),2.6296296296296298,27,49.98893361111111,19.726890555555556
1054,Kleszczów,0.3333333333333333,3,50.105,19.7488
1277,Niepołomice Rynek,3.588235294117647,17,50.0334,20.2163
1367,Rybna Dolna,1.2857142857142858,7,50.0396,19.6342
258,Kryspinów,3.1156626506024097,830,50.04298638888889,19.796982777777778
787,Radziszów Zadworze (nż),3.2452107279693485,261,49.936328333333336,19.815715
1336,Wola Radziszowska Podgaźle (nż),2.8919860627177703,287,49.9096,19.7921
184,Trojanowice,2.0,6,50.139,19.8992
203,Zabierzów Piaski (nż),6.454545454545454,11,50.11694055555556,19.783724166666666
22,Gospodarska,0.8,5,50.10807666666667,19.90287888888889
2496,Mała Wieś (nż),5.1,10,49.99874861111111,20.102038055555557
28,Os.Marszowiec,0.7333333333333333,15,50.11863555555556,19.941493055555554
570,Plac Bohaterów Getta,0.36363636363636365,11,50.04666972222222,19.955022777777778
888,Mogilany Cmentarz (nż),1.4214285714285715,140,49.944834722222225,19.883933333333335
1062,Janasówka (nż),3.4545454545454546,22,49.99974916666667,19.817710555555557
1283,Wola Batorska Cmentarz (nż),1.6,5,50.052659722222224,20.290264166666667
199,Zabierzów,1.0,1,50.10782638888889,19.81666361111111
2532,Bosaków,1.936936936936937,111,50.08275527777778,19.963753611111112
2570,Surzyckiego,3.731227651966627,1678,50.039184444444444,20.00433
2630,Owczary Górna (nż),1.0,1,50.162,19.9234
2946,Wrząsowice Centrum,1.027906976744186,215,49.959984722222224,19.944124722222224
3247,Wieliczka Polna (nż),2.1818181818181817,11,49.98,20.07795
343,Żerkowice Kolonia (nż),4.0,1,50.18573,19.943775833333333
423,Struga,4.3137978772496535,4334,50.074797777777775,20.04704
539,Wolica (nż),7.769230769230769,13,50.06292083333334,20.1943825
628,Sławka (nż),7.524475524475524,143,50.02623083333334,19.959847777777778
808,Włosań Krzyżówka (nż),3.75,4,49.918,19.9144
856,Rzeszotary Trafo (nż),2.4193548387096775,31,49.939254166666665,19.983705277777776
1213,Rybna Dół (nż),2.893258426966292,178,50.0439,19.6375
2610,Ślaskiego (nż),2.0,43,50.025585,19.850879166666665
2774,Radziszów Cmentarz (nż),2.090909090909091,11,49.9413,19.8065
2967,Michałowice Brzozowa (nż),3.6666666666666665,9,50.150015555555555,19.957386666666668
663,Bieżanów Szkoła,1.1737967914438503,374,50.01939333333333,20.0235
730,Pytlasińskiego,1.0210896309314588,569,49.98634333333333,19.940236388888888
2752,Glogera Granica Miasta (nż),2.9722222222222223,36,50.10429666666667,19.926413888888888
2814,Wieliczka Klaśnieńska (nż),4.285714285714286,7,49.9809,20.0554
2903,Jeziorzany Rondo (nż),2.8943661971830985,426,49.99388722222222,19.776083888888888
2991,Hala Sportowa Piaski Wielkie (nż),1.1818181818181819,11,50.00282722222222,19.986151666666668
3191,Petőfiego (nż),2.508,1500,50.0941525,20.035396666666667
3226,Ściejowice Kościel (nż),2.96875,32,49.998825277777776,19.779722222222222
597,Kostrze Kapliczka (nż),3.0297520661157025,605,50.02690861111111,19.844694722222222
85,Miasteczko Studenckie AGH,5.561565836298932,5620,50.069878055555556,19.904980833333333
1074,Węgrzce Centrum Medyczne (nż),2.7142857142857144,21,50.11676111111111,19.96804472222222
1357,Krzęcin Częsna (nż),4.714285714285714,7,49.9488,19.7305
2862,Wieliczka Kampus,2.5686274509803924,51,49.9862,20.0747
2977,Trojanowice Krakowska (nż),1.4,5,50.1373,19.913
3315,Świątniki Górne Skrzyżowanie (nż),2.375,48,49.93425888888889,19.967173333333335
35,Górka Narodowa,5.075,80,50.092729444444444,19.956261666666666
488,Węgrzynowice Centrum (nż),2.8333333333333335,6,50.11078,20.155338611111112
634,Wlotowa,6.441223404255319,3760,50.019064166666666,19.988147777777776
644,Podwierzbie,0.0,1,50.04747388888889,20.060445
742,Jugowicka,5.020539152759949,779,50.0075,19.930499444444443
973,Biały Kościół (nż),1.1666666666666667,6,50.168725,19.82635611111111
183,Trojanowice Strugi (nż),2.142857142857143,7,50.1346,19.9055
2642,Hektary (nż),1.4444444444444444,9,50.10971611111111,20.175601944444445
3126,Cmentarz Bieżanów,2.7449664429530203,745,50.01004833333333,20.023043055555554
868,Piekary Górne,1.7916666666666667,24,50.0183,19.7876
1303,Niepołomice Kościuszki (nż),4.25,12,50.0287,20.2057
3181,Skotniki Kościół,2.857142857142857,35,50.0088,19.8745
3279,Kamień Szkoła,0.8571428571428571,98,50.01497111111111,19.5867425
964,Niepołomice Kolejowa (nż),1.8,5,50.0442,20.2122
1004,Park Wodny,3.8114926419060966,4281,50.090125,19.98229111111111
2588,Geologów (nż),1.9692307692307693,65,49.98518222222222,19.978221666666666
2703,Pękowice,0.0,2,50.1247,19.9015
3118,Władysława Jagiełły,2.7708578143360754,1702,50.09502055555556,20.040119722222222
3300,Prusy,1.8461538461538463,13,50.110324722222224,20.081675555555556
71,Nowy Kleparz,4.957677070248333,10349,50.073750277777776,19.935915555555557
1133,Skawina 29 Listopada,3.263157894736842,19,49.9729,19.8345
1286,Wola Batorska Zamoglice (nż),1.6666666666666667,6,50.06416611111111,20.301954722222224
1371,Fort Winnica (nż),3.4492307692307693,325,50.022938333333336,19.865974722222223
2596,Łużycka (nż),4.835820895522388,67,50.00792111111111,19.974410555555554
2604,Łuczyńskiego (nż),3.4857142857142858,35,50.013106111111114,19.913335
276,Glinnik (nż),2.0008244023083264,1213,50.04689166666667,19.882899166666668
3272,Brzozówka Ośrodek,0.0,4,50.172,19.8982
3314,Włosań Centrum,1.0,2,49.9136,19.9029
749,Góra Borkowska (nż),3.3939891993425686,4259,50.00715638888889,19.925035833333332
98,Kuźnicy Kołłątajowskiej,4.122206095791001,3445,50.09771111111111,19.961718333333334
980,Będkowice Kawiory (nż),0.6666666666666666,6,50.1782,19.7611
223,Balice Instytut (nż),2.6666666666666665,6,50.083843888888886,19.78900388888889
2557,Lasek Mogilski,5.558386411889597,471,50.05495111111111,20.049555
458,Pleszów,-12.470588235294118,34,50.07279861111111,20.118421944444446
47,Pleszowska,3.932137663596704,2063,50.09193,19.935745555555556
629,Wola Duchacka,5.573702708290263,4837,50.02061583333333,19.95998722222222
2547,Sieroszewskiego (nż),5.570815450643777,466,50.066110555555554,20.051254444444446
110,Wiślicka,3.9986410405746455,5151,50.087691666666665,20.001416944444443
1185,Radziszów Zawodzie (nż),2.3902439024390243,164,49.9211,19.8074
1269,Maciejowice Góra (nż),0.8333333333333334,6,50.137,20.0702
1375,Fiszera,3.0,7,50.08547,19.896845833333334
3003,Marszowice Centrum (nż),1.5,4,50.18071583333333,20.093444722222223
3248,Zabierzów Eximius Park,15.5,2,50.106656944444445,19.82411111111111
554,Lesisko,3.738095238095238,42,50.05408666666667,20.04530972222222
565,Motyla,2.8333333333333335,6,50.03748083333333,19.997050833333333
892,Balice OSP (nż),1.5714285714285714,7,50.08671666666667,19.791132222222224
1191,Krzyszkowice Kościół (nż),6.375,16,49.988,20.0327
2640,Wróżenicka (nż),1.0,2,50.11228527777778,20.1782325
2776,Petrażyckiego (nż),4.753086419753086,81,49.981805,19.87899833333333
3176,Kurdwanów P+R,5.785329341317365,3340,50.0134975,19.949706388888888
785,Skawina Rzepnik,3.588342440801457,1098,49.9829,19.8373
1266,Wiktorowice Skrzyżowanie (nż),1.4,5,50.13231916666667,20.058310277777778
3276,Spławy,3.2857142857142856,7,50.09349916666667,20.146913055555554
3310,Mały Płaszów P+R,3.1137581893984514,1679,50.039790833333335,20.000576111111112
390,Os.Strusia,4.242462845010616,2355,50.08661111111111,20.009298333333334
1228,Przeginia Duchowna Bar (nż),1.5555555555555556,18,50.01911111111111,19.653055555555557
1278,Niepołomice Batorego (nż),1.5,4,50.04079388888889,20.22338138888889
214,Kochanów I (nż),7.0,12,50.116167777777775,19.76259361111111
3110,Władysława Łokietka,2.7280701754385963,114,50.08598805555555,19.92298361111111
527,Kąkolowa (nż),2.0,4,50.0514375,20.127354722222222
1260,Rusocice Jałowce (nż),2.8383838383838382,198,50.00212388888889,19.59140638888889
2871,TAURON Arena Kraków Al. Pokoju (nż),2.1363636363636362,22,50.064325,19.988890833333333
2877,Giebułtów Trojadyn (nż),1.2,5,50.1357325,19.871455
1058,Michałowice Banasiówka (nż),3.2222222222222223,9,50.14583611111111,19.967784444444444
1193,Krzyszkowice Kasztanowa II (nż),6.642857142857143,14,49.9905,20.0244
2573,Albatrosów,6.676470588235294,68,50.037638055555554,20.018576111111113
2691,Chmieleniec,3.375,72,50.020473611111115,19.898092777777777
284,Kaszów Tyrałówka (nż),1.380952380952381,21,50.03962055555556,19.73351138888889
3044,Rżąka,3.619047619047619,42,50.006281944444446,20.010784444444443
3195,Powstańców Magazyny,0.6666666666666666,3,50.1062,20.00143
3264,Warmijska,12.812631318749228,8091,50.07214805555556,19.906573055555555
3283,Czulice Kościół,0.3333333333333333,3,50.127,20.188
408,Rondo Czyżyńskie,4.756821829855538,1246,50.07341111111111,20.017646111111112
520,Ruszcza,3.7083333333333335,24,50.086835,20.14639888888889
202,Zabierzów I,6.545454545454546,11,50.115698611111114,19.791740833333332
3128,Sawiczewskich,3.7804232804232805,756,49.98997027777778,19.946263333333334
327,Węgrzce Starostwo Powiatowe,2.5238095238095237,21,50.11448111111111,19.96681388888889
3307,Rusocice Stacja Paliw (nż),-0.6,15,50.005070555555555,19.588158611111112
484,Wadów Szkoła,4.0,16,50.10040861111111,20.125714444444444
96,Majora,4.7217700915564595,1966,50.08841,19.964147222222223
221,Balice Autostrada (nż),2.7176079734219267,903,50.08534916666667,19.807869166666666
2979,Węgrzce Bosutów Sudół (nż),2.68,25,50.10933055555556,19.98055527777778
610,Rondo Matecznego,6.141538461538461,8125,50.03668944444444,19.940620555555554
1071,Bosutów Dziekanowice (nż),2.84375,32,50.11,19.9911
2638,Libertów Dolny (nż),2.4545454545454546,11,49.9797,19.9109
43,Wyki,8.661971830985916,71,50.09269111111111,19.922248055555556
503,Zabłocie Kościelnickie (nż),1.3333333333333333,9,50.09486444444445,20.17418361111111
633,Prosta,1.9733727810650887,338,50.025215277777775,19.991873055555555
897,Cmentarz Batowice,-0.10344827586206896,29,50.101465,19.982785
2479,Skawina Tyniecka,3.8,20,49.9845,19.8163
273,Na Krępaku (nż),2.372305140961857,1206,50.04532361111111,19.860005277777777
2856,Gaj Kwiatowa (nż),3.5,2,49.9579,19.9131
3149,Park Zdrojowy,1.4966571155682904,1047,49.99286027777778,19.93623388888889
3296,Mników Remiza (nż),2.9047619047619047,21,50.0598975,19.72210638888889
421,Os.Górali,5.081967213114754,61,50.081161944444446,20.040895
5,UR Balicka,3.4876543209876543,1782,50.08090111111111,19.865463055555555
1307,Niepołomice Wielicka (nż),5.3076923076923075,13,50.0194,20.1923
2626,Jana Kazimierza,2.756470588235294,1700,50.09500416666667,20.047139722222223
2731,Skarżyńskiego,-0.14285714285714285,7,50.08405,19.99649
2737,Os.Mistrzejowice Nowe,3.943661971830986,71,50.09504805555556,20.021054166666666
2779,Budzyń Zalew na Piaskach (nż),2.5,6,50.04946277777778,19.799387222222222
2947,Wrząsowice Pileckiego (nż),1.48,25,49.9574,19.946238333333334
3036,Szpital Narutowicza,4.244860943168077,1654,50.0835,19.9367
31,Dożynkowa,1.6486486486486487,74,50.10248611111111,19.94604222222222
3117,Dąbrowskiej,-1.5,8,50.07812,20.01489
3172,Taklińskiego (nż),4.8375,80,49.98655,19.9089
3194,Dziekanowicka (nż),0.6666666666666666,3,50.10417,19.99224
797,Radziszów Leśniczówka (nż),3.2807692307692307,260,49.91610166666667,19.818510555555555
100,Prądnik Czerwony,3.205357142857143,224,50.09634805555555,19.974204722222222
1106,Brzeźnica,6.5,4,49.9669,19.6286
2646,Szymańskiego (nż),4.9,50,50.07503083333334,20.139589444444443
2775,Nałkowskiej,5.045454545454546,88,49.98063527777778,19.87344138888889
2902,Rączna Boisko (nż),2.5474683544303796,316,50.00394527777778,19.76650861111111
1079,Węgrzce Błonie,1.0,2,50.1255,19.9747
1254,Zajezdnia Wola Duchacka,5.783269961977187,263,50.023983333333334,19.959859722222223
2554,Wadów Glinik (nż),3.5652173913043477,23,50.0927575,20.133185555555556
2571,Sułkowskiego,4.507215007215007,1386,50.02363111111111,19.968977777777777
2603,Bulwarowa Ogródki Działkowe (nż),7.689497716894977,657,50.071104166666665,20.05351388888889
3224,Czernichów Pętla,-0.41379310344827586,29,49.98717805555555,19.6765675
3285,Łososkowice Remiza,0.5,2,50.1877,20.1602
2552,Węgrzynowice Dół (nż),3.1666666666666665,6,50.103655,20.14951611111111
3114,Os.Akademickie PK,3.800524934383202,2667,50.08726083333333,19.995057222222222
3125,Duża Góra (nż),2.233270794246404,1599,50.01802027777778,20.028345277777778
3243,Jadwigi z Łobzowa,26.801075268817204,186,50.07463,19.90153
3309,Kłokoczyn Machaczki (nż),-0.8823529411764706,17,49.99625,19.63181
359,Stradom,5.347872340425532,940,50.051651944444444,19.94135027777778
3134,Krzesławice Młyn (nż),2.3333333333333335,12,50.0799,20.057
3221,Biskupice II (nż),2.5,10,49.96888,20.1332
476,Sulechów (nż),1.7272727272727273,11,50.12156888888889,20.09594138888889
617,Fredry,3.503960396039604,1010,50.0214325,19.942681666666665
174,Garlica Duchowna (nż),1.6666666666666667,3,50.14400555555556,19.924939166666668
2766,Giełda Balicka P+R (nż),3.6073386756642765,2371,50.081561944444445,19.87578638888889
3113,Dobrego Pasterza,4.136846767050487,4516,50.08864638888889,19.95902277777778
3282,Karniów Szkoła,1.25,4,50.1315,20.1711
619,Kamieńskiego Wiadukt (nż),5.867667121418827,5864,50.03169,19.94854
745,Przykopy (nż),4.429126213592233,1030,50.01513416666667,19.945073333333333
772,Sidzina,3.955223880597015,67,49.988433055555554,19.871975555555554
1232,Wielkie Drogi Ośrodek Zdrowia (nż),9.428571428571429,7,49.9593,19.7009
2711,Libertów Działy (nż),4.538461538461538,13,49.97214944444445,19.891290555555557
3321,Rzeszotary Dworska,2.4516129032258065,31,49.94357472222222,19.9932825
453,Brama nr 5 (nż),3.0,6,50.068309166666666,20.091219444444445
502,Resztówka,1.68,150,50.098682777777775,20.178358055555556
632,Dauna,4.551724137931035,58,50.01880777777778,19.97752138888889
761,Opatkowice,3.012218045112782,1064,49.987230277777776,19.913941666666666
1182,Radziszów Kładka (nż),2.50314465408805,159,49.9404,19.8077
224,Szczyglice Most (nż),1.0,5,50.087672222222224,19.817921666666667
2649,Zakępie (nż),8.166666666666666,12,50.06786861111111,20.189674166666666
2935,Lusina Zielona,1.5,14,49.95365361111111,19.933521388888888
505,Błonia Kościelnickie (nż),1.4,10,50.084382777777776,20.166048611111112
684,Prokocim UJ,1.875,16,50.01012111111111,19.992694166666666
981,Będkowice Borynia (nż),0.6666666666666666,6,50.176,19.7546
1276,Niepołomice Dworzec,3.0,13,50.0358,20.2186
218,Młynka I (nż),7.333333333333333,9,50.1138075,19.69715
2597,Bochenka (nż),3.517661388550548,821,50.01011,19.971201944444445
2892,Czernichów Ratanice (nż),-0.75,16,49.99698194444444,19.650579166666667
3002,Luborzyca Szkoła,2.0,6,50.143654444444444,20.10849361111111
3052,Konary Pod Sosenką (nż),3.0,5,49.930665,19.91767
477,Prusy WSR (nż),1.6666666666666667,12,50.11868833333333,20.091672777777777
61,Bratysławska,4.252866626433313,1657,50.08336638888889,19.933546944444444
1275,Niepołomice Moczydło (nż),2.0,5,50.0384,20.2164
274,Zaskale (nż),2.130111524163569,538,50.04676416666667,19.865180555555554
2929,Skawina Ogrody (nż),3.789473684210526,19,49.9683,19.8441
3139,Cmentarz Borek Fałęcki (nż),2.673469387755102,98,50.008741388888886,19.915009166666668
667,Bieżanów,0.6113989637305699,193,50.01750888888889,20.068505
999,Turowicza (nż),4.396669931439765,1021,50.01916055555556,19.944924166666667
2751,Glogera (nż),2.8333333333333335,36,50.102442777777775,19.92757472222222
2873,Płaszowska,2.8181818181818183,11,50.04513333333333,19.978608333333334
2957,Garlica Duchowna Droga do Garliczki,2.0,3,50.148944722222225,19.921993333333333
2965,Michałowice Michałówka (nż),8.0,1,50.17018222222222,19.940410833333335
1007,Skawina Szkoła,3.850467289719626,107,49.9757,19.8226
1060,Dworzec Główny Wschód,-4.243088655862726,1049,50.0685,19.9497
1337,Wola Radziszowska Łęg (nż),2.382978723404255,94,49.9082,19.817
219,Skała Kmity (nż),1.0,1,50.09771166666667,19.804965
601,Kostrze,2.1538461538461537,39,50.01893166666667,19.842789444444445
801,Lusina Górka (nż),1.3333333333333333,15,49.95509111111111,19.929965833333334
126,Lubicz,2.452830188679245,1855,50.0650975,19.951718055555556
140,Lajkonika (nż),2.7333333333333334,45,50.062083055555554,19.888333055555556
3228,Jeziorzany Górskie Domy (nż),3.727272727272727,11,49.98159777777778,19.766710833333335
549,Na Załęczu Szkoła (nż),1.6428571428571428,14,50.05884972222222,20.021122777777776
1092,Gołuchowice Sklep (nż),2.0787878787878786,165,49.9407675,19.772563055555555
1261,Rusocice Załęg (nż),-0.375,16,49.99794472222222,19.616680555555554
2481,Skawina Korabniki,4.033333333333333,30,49.9747,19.8584
286,Liszki Krzyżówka,2.549019607843137,510,50.035015,19.758395555555555
1064,Rudawa Młyn (nż),6.9,10,50.11432055555556,19.701731388888888
120,Łukasiewicza,1.8623931623931624,1170,50.07525638888889,19.965469166666665
2875,Modlnica Trojadyn Szydło (nż),0.8,5,50.12515527777778,19.884723055555554
2900,Piekary Dół (nż),1.8275862068965518,29,50.0313,19.7807
2906,Przeginia Narodowa Bonar (nż),1.2941176470588236,17,50.0115425,19.6575875
3305,Zagacie Górka (nż),3.305,200,49.99969111111111,19.696293333333333
492,Wadów Działki (nż),3.142857142857143,7,50.09275,20.13996
1108,Brzeźnica Pasieka (nż),4.441860465116279,86,49.9649,19.6384
1161,Węgrzce Wielkie III (nż),2.1463414634146343,41,50.0149,20.1107
1257,Kocmyrzów Krzyżówka (nż),1.6,5,50.1336,20.126
1267,Wiktorowice Centrum (nż),1.2,5,50.13742111111111,20.0611175
2690,Kampus UJ,3.5205479452054793,73,50.02424361111111,19.902023333333332
2974,Grębynice (nż),4.0,1,50.1676,19.8678
326,Konopnickiej,4.763175840233804,10265,50.05280555555556,19.929371944444444
866,Wiklinowa (nż),1.9333333333333333,15,50.05578055555556,20.024808055555557
2637,Lusina Granica,2.727272727272727,11,49.9799,19.9185
2710,Libertów Krzyżówka,4.6923076923076925,13,49.971674166666666,19.883860555555554
3038,Czerwone Maki P+R,-0.22673176685993288,3277,50.01761666666667,19.889383333333335
842,Rzeszotary Zalesie (nż),2.0,18,49.931667777777776,19.981125555555554
1323,Polanowice Kolonia (nż),1.4,5,50.19331277777778,20.091677222222224
2480,Skawina Samborek Most,3.909090909090909,22,49.9888,19.8113
2744,Plac Centralny im. R.Reagana,5.25374531835206,1068,50.07202,20.037329444444445
3233,Radziszów Podlesie Las (nż),3.015267175572519,262,49.91156,19.82228
621,Cmentarz Podgórski,1.0,4,50.03907972222222,19.964206666666666
716,Piaski Nowe,3.9838709677419355,1240,50.01536333333333,19.971045555555555
1130,Marchołta,3.5165562913907285,2265,50.09293777777778,19.987825555555556
1253,Puszkarska,5.645833333333333,96,50.02653111111111,19.94892111111111
130,Białucha,1.7857142857142858,14,50.06756,19.977171666666667
2473,Skawina Ajka,3.180053547523427,1494,49.9708,19.8292
2694,Mochnaniec (nż),2.419633225458468,927,50.01668333333333,19.881740277777777
2914,Burów (nż),1.4,5,50.093651666666666,19.77422111111111
3115,Wodociągowa (nż),4.26158940397351,1208,50.04810166666667,19.896684722222222
374,Elektrociepłownia Kraków,11.933333333333334,30,50.05671,20.001039722222224
1137,Skawina Cmentarz Komunalny,3.9523809523809526,21,49.9678,19.8528
2971,Korzkiew Zamek (nż),4.0,1,50.1617,19.8811
3000,Kocmyrzów Rondo,1.4,5,50.1336175,20.114274722222223
3186,Grzegorza z Sanoka (nż),4.7727272727272725,22,50.09826,20.09255
375,Mistrzejowice,3.1789554531490016,2604,50.095327222222224,19.99523888888889
558,Stoczniowców,5.144987146529563,1945,50.04910611111111,19.98197861111111
1243,Os.Łokietka,0.5,4,50.10111944444444,19.909831944444445
147,Kasztanowa,3.4473684210526314,38,50.06505972222222,19.865951944444443
381,Kruszwicka,15.947368421052632,19,50.09758305555555,20.019583611111113
839,Zatyka (nż),2.066666666666667,15,50.05128722222222,20.014649444444444
1017,Ujazd Pętla,0.75,4,50.13586138888889,19.820356666666665
1288,Chobot Leśniczówka,0.5,4,50.0801,20.3526
3193,Dziekanowice Batowice SKA,2.339622641509434,53,50.10778,19.99633
790,Gaj Szkoła,2.53125,32,49.9607,19.89
1134,Skawina Starostwo Powiatowe,3.473684210526316,19,49.9714,19.8386
1196,Lusina Łany (nż),2.3333333333333335,9,49.9632,19.9234
1271,Białoprądnicka,3.2828685258964145,502,50.095130555555556,19.935446666666667
2997,Wysiołek Luborzycki Skrzyżowanie (nż),2.0,2,50.15164333333333,20.105882222222224
328,Węgrzce,2.871794871794872,39,50.11996805555555,19.967150277777776
486,Wadowska (nż),3.857142857142857,7,50.096490277777775,20.119183888888887
228,Chrosna Studnia (nż),1.6666666666666667,6,50.08137166666667,19.716270833333333
2510,Zabawa I (nż),5.333333333333333,6,49.9926,20.0866
2538,Miśnieńska,4.064450127877238,1955,50.094518055555554,20.000334166666665
2925,Libertów Droga do Sidziny (nż),5.0,12,49.9715825,19.876349444444443
3182,Przegorzały Obwodnica (nż),2.0664556962025316,948,50.0467825,19.870961666666666
525,Chałupki,1.5,2,50.04899277777778,20.122050277777777
77,Teatr Bagatela,8.598189543691113,5413,50.06353583333333,19.932893888888888
89,Bronowice,12.892837312604108,3602,50.077484166666665,19.901771666666665
904,Przy Kuźni (nż),4.396551724137931,58,50.00401305555555,19.989401666666666
1208,Rybna Nowy Świat,2.9597701149425286,174,50.0615,19.6568
136,Bronowice Wiadukt,8.100114165276192,11387,50.0808,19.8907
198,Zabierzów Działki (nż),8.666666666666666,9,50.1091175,19.826072777777778
2940,Rzeszotary Panciawa (nż),2.0,19,49.93219833333333,19.993957777777776
3039,Centrum Kongresowe ICE,4.251682742349594,14411,50.04868416666667,19.931549444444446
620,Kamieńskiego,6.088055927413357,6723,50.02896361111111,19.95721361111111
1000,Lusina Pętla,2.2,5,49.961189166666664,19.917920555555554
118,Rondo Młyńskie,3.201735817104149,4724,50.080625,19.973343611111112
257,Kryspinów Sanka (nż),2.8534798534798536,546,50.042184166666665,19.787770555555557
2745,Rondo Kocmyrzowskie im. Ks. Gorzelanego,2.934486198869305,3007,50.07958583333333,20.027370833333332
3046,Głęboka Zakręt (nż),2.0,4,50.130855,20.152135
1216,Rączna Podlas (nż),3.0847457627118646,118,50.01360916666667,19.744871944444444
385,Cedyńska,3.0,14,50.09027388888889,20.004313888888888
517,Podstawie (nż),5.0,23,50.068734166666665,20.1669675
935,Kliny Zacisze,4.536290322580645,248,50.00142694444445,19.900589166666666
1128,Wola Radziszowska,1.3333333333333333,45,49.9025,19.7685
2453,Centrum JP II,3.4,10,50.0124,19.9371
2695,Brzoskwinia Góra (nż),2.0,1,50.09366527777778,19.729293055555555
3061,Rączna Bażanty (nż),2.41025641025641,39,50.01573166666667,19.775131666666667
3159,Maciejowice Pętla,1.3333333333333333,3,50.1421,20.0723
3183,Bieżanów Drożdżownia SKA,5.0,50,50.01133055555555,20.035680555555555
3301,Lusina Krakówka (nż),1.3583916083916083,572,49.9799,19.9185
756,Os.Kliny,1.7105263157894737,38,50.000535,19.91264
798,Radziszów Podlesie (nż),3.0919540229885056,261,49.92078055555555,19.821360277777778
1308,Staniątki Wiadukt (nż),4.454545454545454,11,50.016103055555554,20.17901
185,Januszowice,2.2857142857142856,7,50.1497,19.8928
753,Borkowska,5.527272727272727,165,50.00470555555555,19.905779166666665
1172,Giebułtów,0.4,5,50.1416,19.8841
230,Chrosna Kapliczka (nż),1.7142857142857142,7,50.079638333333335,19.729813888888888
2599,Warchałowskiego,5.0796252927400465,427,49.990382777777775,19.859519444444445
2936,Lusina Dobrzyczany (nż),1.3125,16,49.95908722222222,19.929227222222224
2952,Wrząsowice Pod Skałą (nż),1.7333333333333334,15,49.96167722222222,19.9543
537,Wolica Las,7.615384615384615,13,50.056065555555556,20.202461111111113
1087,Rzozów Baseny (nż),3.66,50,49.96239611111111,19.805936388888888
201,Zabierzów Piekarnia,9.375,8,50.112814722222225,19.802755833333332
3295,Czułów Granica (nż),2.8181818181818183,22,50.05950638888889,19.712093333333332
799,Konary,0.3333333333333333,9,49.94439194444445,19.921295
967,Skrzyżowanie do Podchruścia (nż),0.4,5,50.11269138888889,19.87307361111111
1110,Jaśkowice (nż),8.625,8,49.960053888888886,19.666375
1167,Wieliczka Kopalnia Soli,5.217391304347826,69,49.983987222222225,20.05634277777778
177,Zielonki Rozjazd,2.235294117647059,17,50.129669166666666,19.916780555555555
2494,Skawina Nad Potokiem (nż),3.6425855513307983,263,49.9542,19.8152
2687,Grota-Roweckiego,3.815673730507797,2501,50.031553611111114,19.920390277777777
2797,Górka Narodowa Wschód,4.647058823529412,85,50.09988027777778,19.964423055555557
344,Żerkowice Skrzyżowanie (nż),4.0,1,50.19067138888889,19.941559166666668
604,Skotniki Szkoła,4.08,100,50.01654555555555,19.87549277777778
104,Miechowity,3.650838452598373,6023,50.083309722222225,19.970232777777777
1346,Bunscha (nż),3.7709497206703912,179,50.01228583333334,19.883490555555557
229,Chrosna Sklep (nż),1.6666666666666667,6,50.07969777777778,19.72112027777778
2625,Aleja Waszyngtona (nż),2.0,10,50.0533075,19.897589444444446
413,Os.Kolorowe,11.029411764705882,34,50.072311944444444,20.02912638888889
60,Wybickiego,2.764705882352941,17,50.08387194444445,19.927003055555556
68,Wrocławska,3.6038135593220337,944,50.076864444444446,19.927106666666667
702,Krzemieniecka (nż),1.3636363636363635,11,49.98347,19.995441111111113
90,Mazowiecka,4.37,2000,50.07825111111111,19.917971944444446
978,Bębło Lasek (nż),1.4285714285714286,7,50.183255555555554,19.77766777777778
1165,Brodowicza,4.137254901960785,51,50.06905611111111,19.961068055555554
1171,Ochodza,8.666666666666666,6,49.9647,19.7432
2976,Wola Zachariaszowska Zakońce,2.0,5,50.155611666666665,19.936299444444444
194,Rząska UR (nż),7.666666666666667,9,50.096873333333335,19.84577833333333
2621,Zesławice Ogródki Działkowe (nż),1.368421052631579,57,50.1056875,20.049690555555557
3278,Niebyła (nż),3.3636363636363638,22,50.10223111111111,20.061276111111113
418,Os.Zgody,4.118421052631579,228,50.076818055555556,20.031024722222224
1113,Wielkie Drogi PKP (nż),9.428571428571429,7,49.95788916666667,19.710900833333334
1234,Wrząsowice Kowaleca (nż),1.3333333333333333,24,49.9538,19.9464
2475,Skawina Cmentarz,3.3545741324921137,1585,49.9751,19.8311
2958,Garlica Murowana Podskale (nż),2.0,3,50.13221027777778,19.919139722222223
3138,Słoneckiego,2.9566650965614696,2123,50.08949666666667,19.97663222222222
3174,Giedroycia (nż),3.210526315789474,19,50.06444,20.08138
335,Michałowice Lecznica (nż),7.0,1,50.16535916666667,19.9682975
354,Raciborowice,1.375,16,50.11682777777778,20.03300388888889
404,Os.Kościuszkowskie,-0.5,8,50.08269111111111,20.016613333333332
429,Klasztorna,5.571240971766251,1523,50.068491944444446,20.051553055555555
578,Bałuckiego (nż),1.2058823529411764,34,50.049637777777775,19.925908333333332
994,Trojadyn Skrzyżowanie (nż),1.4,5,50.13821055555555,19.869667777777778
1203,Czernichów Stacja Paliw (nż),2.769230769230769,13,49.9921,19.6886
1331,Ochodza Odwiśle,14.0,1,49.9778,19.7506
2485,Kopanka Szkoła,3.3255813953488373,129,49.9837,19.7896
2500,Cracovia Błonia,2.2127659574468086,94,50.058865555555556,19.921825555555557
2566,Fort Bodzów (nż),2.0555555555555554,72,50.03153833333333,19.865043333333332
2817,Krzyszkowice Krzyszkowicka,4.571428571428571,7,49.9899,20.0316
2864,Kleszczów Pod Lipką (nż),1.0,4,50.1032,19.7522
3246,Wieliczka Gdowska,3.5714285714285716,7,49.98154,20.07041
464,Elektromontaż (nż),-2.8333333333333335,12,50.088007222222224,20.0645825
1051,Fort Mogiła (nż),1.6666666666666667,15,50.06630277777778,20.070871666666665
1316,Słomniki Rynek,1.4,5,50.2407,20.0806
23,Tonie Skrzyżowanie,1.0,6,50.11273694444444,19.898376111111112
2635,Balice Grzybów (nż),1.4,5,50.09077722222222,19.78228638888889
280,Nowa Wieś (nż),1.6666666666666667,18,50.030833055555554,19.70434722222222
3323,Buków Pętla,1.9090909090909092,11,49.9533,19.835
837,Lipowskiego (nż),4.642857142857143,28,50.01509,20.037098333333333
840,Isep (nż),2.1333333333333333,15,50.05498,20.021205277777778
102,Olszecka,5.496038034865293,1893,50.08867444444444,19.96966611111111
3157,Husarska (nż),1.5,2,50.04369888888889,20.06564
530,Branice (nż),1.75,4,50.05918027777778,20.136859444444443
2899,Liszki Tyniecka (nż),1.9310344827586208,29,50.0346,19.7736
345,Krasieniec Stary (nż),4.0,1,50.196040277777776,19.93873361111111
55,Różyckiego,3.9120267260579062,1796,50.0881475,19.9126025
931,Herberta (nż),4.325581395348837,1118,50.01002,19.94472
1066,Rondo Barei,3.818908585331943,5754,50.08921222222222,19.974269444444445
2491,Radziszów Za Mogiłką (nż),2.090909090909091,11,49.9385,19.8011
2927,Skawina Podgórki Skawińskie,3.739130434782609,23,49.9966,19.8187
474,Dojazdów Działki (nż),1.4,10,50.1309,20.1077
976,Bębło Stara Wieś (nż),1.0,7,50.184465,19.792213611111112
238,Brzoskwinia Koziary (nż),2.0,1,50.090635,19.7348875
2582,Nowy Prokocim,4.137676056338028,2840,50.015951111111114,20.01172111111111
2869,Będkowice Długa (nż),0.5,6,50.163015,19.750105
3069,Łobzów SKA,4.071452875127594,2939,50.082029722222224,19.916029166666668
319,Jubilat,4.968436785651486,11374,50.056309166666665,19.926914166666666
111,Os.Dywizjonu 303,2.0383895131086143,1068,50.08450666666667,19.999975
1311,Podłęże Balachówka (nż),4.181818181818182,11,50.01080722222222,20.15182611111111
263,Wodociągi (nż),2.3009143807148793,1203,50.041488888888885,19.840568055555554
2688,Norymberska,4.028169014084507,71,50.029654444444446,19.912964166666665
2770,Garlica Murowana Kasztany (nż),1.6666666666666667,3,50.1347,19.9228
3220,Biskupice I (nż),1.9090909090909092,11,49.97248,20.12388
403,Arka,4.803302225412778,2786,50.08379861111111,20.03009611111111
645,Nad Drwiną,14.142857142857142,7,50.03234861111111,20.0568625
694,Landaua,2.491228070175439,57,49.98827222222222,19.962721944444443
1237,Dąbrowa Szlachecka Krzemiennik,2.7142857142857144,14,49.999338333333334,19.73918
197,Modlniczka Mała,8.88888888888889,9,50.10780916666667,19.836568333333332
220,Szczyglice,3.5609756097560976,41,50.093378333333334,19.804176944444446
2493,Grabie,-2.5714285714285716,7,49.92593,19.73407
2627,Bystronia (nż),3.9375,16,50.109834444444445,20.11481361111111
3032,Stary Kleparz,9.30003692762186,5416,50.06631194444444,19.939088333333334
3035,Pielęgniarek,6.017513134851138,571,50.08348194444444,19.936673055555556
722,Lusina Dolna (nż),1.0279232111692844,573,49.97362,19.933473055555556
748,Żywiecka,3.6,35,50.01571305555556,19.91970388888889
885,Kulerzów Wąwóz (nż),2.021276595744681,141,49.94512388888889,19.862201944444443
1105,Skawina Zachodnia (nż),5.181818181818182,22,49.973,19.8066
3008,Skawina Energetyków Przejazd PKP (nż),4.25,12,49.9742,19.8089
3177,Piaskowa (nż),11.463414634146341,41,50.0958,19.8969
436,Os.Na Stoku Szkoła,2.683132530120482,830,50.09336861111111,20.056321666666665
709,Kurdwanów Szkoła,5.315789473684211,57,50.00538111111111,19.965950833333334
983,Modlniczka I (nż),0.6666666666666666,3,50.11516833333334,19.85718388888889
1107,Skawina Podbory (nż),5.083333333333333,24,49.96864444444444,19.785258055555556
1184,Radziszów Podwale (nż),2.3006134969325154,163,49.927,19.8079
2581,Nowy Bieżanów Południe,3.5172413793103448,87,50.013019444444446,20.01580388888889
2728,Podłęże Przedszkole (nż),5.5,4,50.01349972222222,20.16182388888889
3294,Czułów Sklep (nż),2.7,20,50.05968583333333,19.703594444444445
729,Wróblowice Szkoła,3.3880126182965298,634,49.984473888888886,19.94452666666667
936,Torfowa,4.783783783783784,1295,50.01790916666667,19.90517638888889
3056,Cholerzyn Granica (nż),3.263157894736842,19,50.0583,19.7545
2686,Lipińskiego,3.838087585375653,2489,50.03057305555556,19.924715
2820,Skawina Wyspiańskiego Szkoła (nż),4.285714285714286,21,49.9716,19.8535
822,Conrada,4.642328042328042,2835,50.08857611111111,19.8993
982,Będkowice,0.5,6,50.1681,19.7522
103,Olsza II,3.29512697323267,1457,50.08515416666667,19.969566666666665
2507,Michałowice Las Michałowski (nż),3.5555555555555554,9,50.15471,19.94877333333333
2629,Garliczka Chochół (nż),0.0,1,50.1565,19.9188
3053,Włosań Dział Wschodni (nż),3.25,4,49.91361,19.90302
369,Ofiar Dąbia,7.352941176470588,51,50.05946194444444,19.976013055555555
38,Imbramowska,4.933662449861154,3241,50.087918055555555,19.947755833333332
40,Chabrowa,0.8333333333333334,6,50.09817777777778,19.912287777777777
941,Mała Góra (nż),2.0473372781065087,1352,50.0138525,20.028144444444443
1059,Rudawa PKP,6.5,12,50.11981361111111,19.713516388888888
2484,Kopanka Kapliczka (nż),2.954887218045113,133,49.982,19.7796
2584,Słona Woda,5.137931034482759,58,50.003552222222226,20.003643055555557
2636,Balice Leśna (nż),1.2,5,50.08992194444444,19.786753055555554
3152,Sapalskiego (nż),7.913793103448276,58,49.99049611111111,19.864173055555554
506,Janówka (nż),1.4,10,50.07942055555556,20.16024722222222
582,Os.Robotnicze,2.057142857142857,70,50.045791666666666,19.90922888888889
977,Bębło Łabajowa (nż),1.2857142857142858,7,50.17983861111111,19.785709166666667
1315,Słomniki Osiedle,-2.5,2,50.2452,20.0851
2497,Sułków (nż),5.2727272727272725,11,49.999335555555554,20.110884166666665
25,Tonie Kąty (nż),0.3333333333333333,3,50.115787222222224,19.9012025
2867,Skawina Pileckiego,3.5555555555555554,9,49.97916305555555,19.79048611111111
3262,Młodej Polski (nż),9.943412162162161,3552,50.07243388888889,19.901666944444443
270,Piekary,1.934782608695652,46,50.023223333333334,19.79539
233,Morawica,2.0,5,50.07517194444444,19.75325
3103,Rybna Droga do Sanki (nż),3.164772727272727,176,50.06473361111111,19.658732222222223
3141,Muzeum Narodowe,5.061433741168361,11606,50.05862138888889,19.925257777777777
3144,Golkowice Sklep,0.7419354838709677,31,49.973,19.9888
827,Szpital Rydygiera,12.466666666666667,15,50.092593055555554,20.021671944444446
971,Szyce I (nż),1.1666666666666667,6,50.15058305555556,19.853952777777778
1170,Zelczyna Szkoła (nż),7.7894736842105265,19,49.95915027777778,19.743985
135,Bronowice Małe,5.326881720430108,6045,50.08105861111111,19.881430833333333
190,Przybysławice I (nż),4.333333333333333,6,50.1635,19.8991
2593,Szczegów,1.6363636363636365,11,49.99343361111111,19.995876944444444
3004,Marszowice (nż),1.6,5,50.18797194444444,20.092558611111112
3109,Mehoffera,3.5871794871794873,1560,50.08933916666667,19.9137725
3322,Rzeszotary Remiza (nż),2.5161290322580645,31,49.94566527777778,19.97305611111111
338,Warszówka (nż),6.666666666666667,3,50.17100833333333,19.975301666666667
779,Skawina,1.8709175738724728,643,49.9685,19.8297
144,Stara Wola,1.4385964912280702,57,50.06186972222222,19.871011944444444
2910,Szczyglice Podkamycze,3.0789473684210527,38,50.09159611111111,19.82843111111111
3122,Danalówka (nż),12.177777777777777,45,50.027719166666664,20.039185555555555
531,Branice Szkoła,2.0,4,50.0602425,20.1432325
754,Forteczna,1.9753086419753085,81,50.0009025,19.906533333333332
830,Komuny Paryskiej,5.930817610062893,159,50.00704638888889,19.896699166666668
858,Rzeszotary Polanki (nż),2.6129032258064515,31,49.94526138888889,19.981088888888888
985,Modlnica Skrzyżowanie (nż),0.3333333333333333,3,50.124521111111115,19.86759138888889
1084,Przybysławice III (nż),4.2,5,50.1596,19.8968
3304,Kaszów Wielka Droga (nż),2.9507389162561575,203,50.02516,19.736216111111112
1116,Zelczyna I (nż),6.9,20,49.96247527777778,19.758198055555557
115,Ugorek,2.810344827586207,58,50.077505277777774,19.983814444444445
1326,Niedźwiedź PKP (nż),1.2,5,50.21175138888889,20.08593972222222
2806,Poziomkowa,0.8,5,50.103878055555555,19.90716638888889
728,Chałubińskiego (nż),1.0804195804195804,572,49.983113055555556,19.936957777777778
82,Kawiory,5.085785674625209,3602,50.068510277777776,19.913567222222223
1063,Czerwieńskiego,3.0,7,50.08397138888889,19.902455555555555
1199,Przeginia Duchowna Centrum,1.4210526315789473,19,50.022455,19.65188611111111
193,Rząska Jednostka Wojskowa (nż),7.777777777777778,9,50.09969972222222,19.855975833333332
2506,Michałowice Kwiaty Polne (nż),3.5555555555555554,9,50.146862222222225,19.962866388888887
2619,Leszka Białego,2.855294117647059,1700,50.09581111111111,20.051280555555557
283,Kaszów,1.5,20,50.03922111111111,19.72561111111111
2992,Cmentarz Prokocim,2.2142857142857144,378,50.02181888888889,20.00716
3147,Zbydniowicka,2.736842105263158,38,49.97345277777778,19.96080361111111
755,Zawiszy,1.8205128205128205,39,49.99970805555556,19.91189111111111
857,Rzeszotary Szkoła (nż),2.5,30,49.93819277777778,19.973132222222223
998,Krasnowolskiego (nż),2.25,12,50.085391944444446,20.049101944444445
2890,Czernichów Zakamycze (nż),46.41935483870968,31,49.993161944444445,19.666591944444445
2998,Wysiołek Luborzycki (nż),1.6666666666666667,3,50.158455277777776,20.104011944444444
3001,Kocmyrzów Biblioteka,1.25,4,50.13017611111111,20.130266388888888
965,Czyżyny Dworzec,-6.377049180327869,61,50.07515611111111,20.014955
2488,Jurczyce Dom Ludowy,2.0,11,49.93845722222222,19.781074444444446
2533,Armii Krajowej,5.025405570860117,3267,50.0719,19.8908
1370,Rączna Kościół (nż),3.25,120,50.01105916666667,19.75668361111111
285,Kaszów Łysa Góra (nż),0.8636363636363636,22,50.037344166666664,19.744492222222224
3165,Dziekanowice Długa (nż),1.9,20,50.1125,20.00842
3222,Trąbki I (nż),1.5833333333333333,12,49.96316,20.14224
1262,Rzebika,3.5482573726541555,746,50.040506944444445,19.991702222222223
231,Morawica Mostek (nż),1.5714285714285714,7,50.082791944444445,19.738886666666666
3270,Węgrzce Wielkie Pętla,1.3333333333333333,18,50.0149,20.1152
3318,Świątniki Górne Urząd Miasta i Gminy,1.975,40,49.9343575,19.94610611111111
471,Lubocza Trafo (nż),3.8333333333333335,6,50.0943625,20.1002275
834,Żyzna (nż),4.7073170731707314,82,49.982866944444446,19.884530555555557
92,Opolska Estakada,4.317162086371284,7132,50.0859875,19.95451472222222
1177,Giebułtów Morgi,1.0,2,50.1516,19.8711
122,Biskupa Prandoty,4.162495772742645,5914,50.07866,19.9493125
2643,Ostafina,1.25,8,50.10501083333333,20.171308333333332
380,Popielidów,16.0,19,50.099381666666666,20.018684166666667
660,Płk. Dąbka,2.8077601410934743,567,50.03631194444444,20.006688333333333
869,Szafrańska,2.142857142857143,14,50.050314722222225,20.00930333333333
108,Os.Oświecenia,3.7446361940298507,4288,50.08904944444444,19.988621666666667
117,Akacjowa,2.9310344827586206,58,50.08155694444444,19.977272222222222
2650,Truskawkowa (nż),2.0,3,50.04761861111111,20.1280925
2884,Rybna Nowy Świat Góra (nż),2.76878612716763,173,50.0591,19.6551
3034,Cmentarz Olszanica (nż),3.0,35,50.067611944444444,19.824029166666666
3158,Podgórze SKA,3.8711967545638943,1972,50.04186555555555,19.962554722222222
3190,Jurczaka (nż),2.8937074829931975,1176,50.08636666666666,19.986527777777777
482,Łuczanowice Skrzyżowanie,3.9375,16,50.11147361111111,20.120136944444443
576,Kapelanka,3.6592436974789915,2380,50.04476861111111,19.92181972222222
612,Borsucza,6.306451612903226,62,50.030411666666666,19.928744166666668
671,Pruszyńskiego,3.375,24,50.01376111111111,20.048865
968,Modlnica I Kolonia (nż),2.0,2,50.12852,19.870348055555556
2586,Jerzmanowskiego,5.708040014820304,5398,50.010146666666664,20.008699444444446
2872,TAURON Arena Kraków,2.9375,16,50.06746305555556,19.988701111111112
605,Kostrze Szkoła,2.8125,944,50.02915055555555,19.855239166666667
683,Wydział Farmaceutyczny UJ,1.0,8,50.01188222222222,19.99310527777778
1291,Wola Zabierzowska (nż),0.8333333333333334,6,50.0706,20.3358
261,Bielany Szkoła,2.7427884615384617,832,50.044133611111114,19.826672777777777
281,Nowa Wieś Kapliczka (nż),1.4210526315789473,19,50.03393055555556,19.711111111111112
3135,PCK,2.5,12,50.0842,20.054
3178,Giedroycia ZTPO (nż),1.9166666666666667,12,50.05942,20.07922
461,Blokowa (nż),5.5,8,50.08516,20.07416
816,Smoleńskiego,6.525,40,49.98148361111111,19.91976777777778
2574,Biskupińska (nż),4.642857142857143,28,50.03626861111111,20.01352361111111
2608,Dworzec Główny Zachód,1.9758957654723126,3070,50.06760027777778,19.944830555555555
2632,Owczary Gajowa (nż),1.0,1,50.1695,19.9257
2908,Młynówka SKA (nż),3.5642897248736665,1781,50.08132722222222,19.8585525
3192,Reduta (nż),1.411764705882353,17,50.09829,19.97477
741,Halszki,6.139421401185082,2869,50.00566861111111,19.948773055555556
1122,Aleksandry,9.790123456790123,81,50.0084775,20.018284444444443
1129,Wola Radziszowska Chorzyny (nż),2.64808362369338,287,49.9038,19.7756
1264,Wiktorowice Granica (nż),1.2,5,50.14131305555556,20.056716944444446
2594,Niebieska Autostrada (nż),1.9,10,49.99937611111111,19.98858388888889
2641,Wróżenice Górka (nż),0.8888888888888888,9,50.11286833333333,20.18250861111111
2645,Wyciąże Zachód (nż),9.615384615384615,13,50.07782111111111,20.16234888888889
3217,Lednica Górna (nż),2.272727272727273,11,49.97723,20.09222
416,Aleja Róż,4.406639004149378,4338,50.07511,20.039050555555555
437,Architektów,2.872093023255814,86,50.09704583333333,20.054914166666666
751,Zawiła (nż),5.777777777777778,153,50.00646777777778,19.901089444444445
1080,Węgrzce Pętla,-7.0,1,50.1286,19.975
2589,Malinowskiego (nż),2.0307692307692307,65,49.98412416666667,19.983610277777778
2792,Judyma Szkoła,1.131578947368421,38,50.00086666666667,19.916805555555555
511,Zakład Przeróbki (nż),5.354166666666667,48,50.07360416666667,20.126834166666665
616,Rynek Fałęcki,3.861111111111111,36,50.01788,19.924193055555556
1096,Krzęcin Kościół,4.857142857142857,7,49.9437,19.7415
204,Zabierzów PKP,-1.6,5,50.117975,19.800805
2501,Cracovia Stadion,0.41379310344827586,29,50.05813888888889,19.92275
363,Hala Targowa,8.941176470588236,51,50.05809,19.953255
665,Bieżanów Pomnik,2.509950248756219,1608,50.01831611111111,20.034144444444443
1163,Węgrzce Wielkie II (nż),1.9268292682926829,41,50.0147,20.1059
1181,Rzozów Zagonnie (nż),2.585657370517928,251,49.9489,19.8011
2577,Złocieniowa,1.3587257617728532,722,50.016242222222225,20.0508425
2614,Drożdżowa,4.173913043478261,23,50.01201611111111,20.040459722222224
81,Czarnowiejska,5.171898811338007,6562,50.06633361111111,19.922695
832,Jasnogórska (nż),6.540084388185654,474,50.09862,19.890217777777778
1317,Słomniki Zagłoby (nż),1.0,6,50.2344,20.0819
242,Kopiec Kościuszki,1.0,5,50.05531888888889,19.892715555555554
2897,Piekary Korea (nż),1.8387096774193548,31,50.029075,19.80109
33,Siewna Wiadukt,4.6819718309859155,3550,50.09607388888889,19.947059444444445
430,Os.Willowe,7.0,76,50.07251611111111,20.053644444444444
540,Wolica Sklep (nż),5.5,20,50.05583305555555,20.193269722222222
682,Prokocim Szpital,5.2920990729209905,7227,50.01452027777778,19.999427222222224
1127,Wola Radziszowska Centrum,2.515679442508711,287,49.90801,19.787435
1179,Rzozów Skotnica (nż),2.729083665338645,251,49.953,19.8008
213,Zabierzów Ośrodek Zdrowia,6.545454545454546,11,50.11709,19.77645083333333
2560,Park 'Skały Twardowskiego' (nż),1.7826086956521738,69,50.038040555555554,19.8987375
536,Wolica Most,5.619047619047619,21,50.051989722222224,20.206619444444446
759,Kąpielowa (nż),1.9527896995708154,2563,49.99820305555556,19.920742222222223
1162,Kokotów II (nż),2.1363636363636362,44,50.01372222222222,20.094011666666667
1183,Radziszów Zacisze (nż),2.265432098765432,162,49.9353,19.8091
2736,M1 Nowohucka,11.833333333333334,30,50.06355194444444,20.003799444444443
2861,Kraków Airport,1.7666666666666666,30,50.071663055555554,19.800168888888887
2944,Wrząsowice Zielona (nż),1.4,20,49.9426925,19.9437675
3306,Kłokoczyn Szkoła (nż),-0.9375,16,49.995086111111114,19.6392225
3319,Wrząsowice Bonifraterska  (nż),1.380952380952381,21,49.94815222222222,19.94699111111111
592,Bogucianka,2.234527687296417,614,50.01009861111111,19.812136944444443
679,Ćwiklińskiej,2.713717693836978,2012,50.01583472222222,20.01956
739,Swoszowice Autostrada,5.748103186646434,659,50.00085,19.941898333333334
1126,Wola Radziszowska Lipki (nż),2.937062937062937,286,49.9103,19.7979
269,Piekary Sklep (nż),1.7419354838709677,31,50.026285,19.797435
623,Dworcowa,2.622448979591837,882,50.033205555555554,19.970713333333332
794,Mogilany Wiadukt (nż),3.473684210526316,19,49.936528055555556,19.896684444444446
952,Łososkowice Szkoła (nż),1.6666666666666667,3,50.1906,20.1566
170,Górna Wieś,2.1666666666666665,6,50.162594722222224,19.936088333333334
2813,Kopanka Kościół (nż),3.435483870967742,124,49.9828,19.7951
3245,Trąbki P+R,0.2,5,49.95731,20.14707
382,Kleeberga,6.164383561643835,73,50.095905277777774,20.013312777777777
593,Tyniec,2.6959349593495934,615,50.01538194444444,19.808955
687,Piaski Wielkie,4.475177304964539,141,50.00596055555555,19.982336944444445
860,Ochojno Skrzyżowanie,2.3636363636363638,33,49.952845,19.974219444444444
1202,Dąbrowa Szlachecka (nż),2.3846153846153846,13,49.995331666666665,19.734303333333333
178,Trojanowice Pętla,0.6666666666666666,3,50.1411,19.9108
2489,Jurczyce Szkoła (nż),1.7,10,49.93870388888889,19.786293055555557
2606,Natansona,2.7746994249869315,1913,50.09823027777778,19.951434444444445
2885,Rybna Szkoła (nż),2.706896551724138,174,50.054,19.6519
3059,Golkowice Kościół,1.4166666666666667,12,49.972629166666664,19.979781388888888
1186,Radziszów PKP,2.068702290076336,131,49.9181,19.8081
1319,Marszowice Góry (nż),1.6666666666666667,3,50.17082555555555,20.096011944444445
48,Opolska Kładka,3.6997439180537772,1562,50.09140416666666,19.927100555555555
1225,Rusocice Łęg (nż),-1.5625,16,49.99539194444444,19.6183025
217,Rudawa (nż),6.545454545454546,11,50.11367194444444,19.71126388888889
2912,Balice Winna Góra (nż),1.75,12,50.08262444444444,19.776833333333332
833,Poronińska (nż),3.210526315789474,38,49.986956666666664,19.9175725
950,Wola Luborzycka Las (nż),2.0,3,50.1644125,20.118973611111112
1217,Rączna Dzikowiec (nż),3.3135593220338984,118,50.017407222222225,19.746099166666667
141,Strzelnica,2.4489795918367347,98,50.06326361111111,19.885056111111112
148,Kopalina (nż),3.175,40,50.065844444444444,19.86140361111111
180,Zielonki Transformator,2.3333333333333335,18,50.123850555555556,19.92034
2541,Nad Dłubnią,3.2794279427942796,909,50.08929722222222,20.0391025
2592,Żelazowskiego (nż),1.8,10,49.98852361111111,20.00015416666667
2932,Kopanka Druga (nż),2.8421052631578947,133,49.9803,19.7749
3229,Wołowice Zawierzbie (nż),2.9,10,49.98171611111111,19.745024444444443
515,Wyciąże Sklep (nż),4.6521739130434785,23,50.07219666666666,20.1584
643,Wrobela,1.5,2,50.04752305555556,20.066786944444445
1204,Czernichów GS (nż),1.1379310344827587,29,49.9921,19.6854
1212,Rybna Ośrodek Zdrowia (nż),3.0592592592592593,135,50.0414,19.6438
1320,Wysiołek Luborzycki Radwany (nż),1.6666666666666667,3,50.16368,20.10002111111111
239,Brzoskwinia Sklep,2.0,1,50.095570277777774,19.718478055555554
2984,Pielgrzymowice Pętla,1.0,3,50.1472,20.0483
3119,Morcinka (nż),1.6,45,50.10408416666667,20.071980833333335
3320,Świątniki Górne Buk (nż),3.230769230769231,13,49.93512972222222,19.934461111111112
377,Os.Złotego Wieku,3.9789644012944985,1854,50.09394,20.0044725
867,Bieńczycka,0.5333333333333333,15,50.076367222222224,20.0217675
97,Powstańców,4.172894867962133,2007,50.09318472222222,19.963871944444445
1332,Wola Luborzycka Działki (nż),1.6666666666666667,3,50.15501,20.115781388888887
2858,Gaj Zgody (nż),2.6666666666666665,3,49.9557,19.8972
316,Przegon,2.4646464646464645,99,50.056440277777774,19.90503361111111
3234,Jędrzejczyka (nż),3.24,25,50.01483,20.04207
427,Klasztor Cystersów,5.631465517241379,464,50.064707222222225,20.052125555555556
589,Ruczaj,5.605633802816901,71,50.026920833333335,19.905856666666665
812,Podgaje,5.30379746835443,79,49.98607694444444,19.903909722222224
1180,Rzozów PKP (nż),2.4216867469879517,249,49.9464,19.8033
158,Olszanica Kapliczka (nż),2.9166666666666665,36,50.068130277777776,19.82851
2544,Sołtysowska (nż),2.2,15,50.06690944444444,20.012190277777776
2876,Giebułtów Trojadyn Trafo (nż),1.0,5,50.12887694444444,19.880776944444445
2879,Czułów Szkoła,3.689265536723164,177,50.061,19.6942
2968,Owczary Pętla,2.0,1,50.1742,19.9132
3225,Ściejowice Remiza (nż),3.0,33,50.00584,19.778988055555555
402,Os.Jagiellońskie,5.045509708737864,1648,50.08783361111111,20.0277225
457,Koksochemia (nż),2.6666666666666665,6,50.07173944444445,20.104557222222223
67,Urząd Marszałkowski,3.375264270613108,946,50.07880472222222,19.922418611111112
811,Złocień,5.0701754385964914,57,50.021676944444444,20.051516111111113
1169,Krzęcin Cmentarz (nż),1.6575342465753424,73,49.944,19.7452
1274,Chobot (nż),1.5,6,50.0736,20.3466
1289,Niepołomice Jazy (nż),1.5,4,50.04362305555556,20.240020555555557
1313,Ochmanów Oknoplast (nż),4.285714285714286,7,50.003391388888886,20.127488055555556
236,Aleksandrowice Osiedle (nż),1.6,10,50.08162472222222,19.76916611111111
2528,Batalionu 'Skała' AK,3.3433886375062847,1989,50.08835388888889,19.92349111111111
2529,Piaszczysta,3.204,500,50.0964925,19.932071666666666
3235,Wieliczka Stacja Paliw,5.568381430363864,2391,49.99301916666667,20.043028888888887
407,Czyżyny,1.2666666666666666,15,50.07398055555556,20.011856388888887
792,Mogilany Rynek,2.5494880546075085,293,49.9427,19.8854
838,EC Łęg,1.1428571428571428,7,50.05122333333333,20.003945555555557
84,Biprostal,11.215338908450704,9088,50.07309083333333,19.915219166666667
2617,Jordanowska (nż),0.8333333333333334,6,50.09484277777778,19.915007777777777
2945,Wrząsowice Wrzosowa (nż),0.9671361502347418,213,49.963523333333335,19.945855833333333
3127,Węzeł Wielicki (nż),5.570528526426322,2857,50.00579,20.018251111111113
922,Łagiewniki,2.704356846473029,1928,50.02941,19.936118055555557
143,Park Decjusza,3.0833333333333335,36,50.067009166666665,19.869605555555555
2865,Bagry,1.5714285714285714,7,50.03407305555555,19.995235277777777
3123,Magazynowa (nż),11.533333333333333,45,50.024973055555556,20.0381525
3201,Brzoskwinia Pętla,38.0,1,50.08994777777778,19.702939166666667
322,Filharmonia,1.0,3,50.059113333333336,19.933301666666665
564,Płaszów Szkoła,2.8333333333333335,6,50.03721861111111,19.991837222222223
567,Kuklińskiego,5.572263993316625,1197,50.04503861111111,19.97351888888889
1155,Powstańców Garaże,4.051428571428572,175,50.095083333333335,19.9678775
1368,Rybna Granica (nż),3.253731343283582,134,50.038,19.6432
2546,Sołtysowska Osiedle,1.9333333333333333,15,50.064297777777774,20.018717777777777
3041,Rondo 308. Dywizjonu,11.387096774193548,31,50.068152777777776,20.005451666666666
3071,Libertowska (nż),4.675,80,49.983626944444445,19.889903888888888
3150,Aleksandrowicza (nż),3.5126582278481013,632,49.97957944444445,19.949513055555556
3231,Wołowice Grotowa (nż),3.3636363636363638,11,49.98369,19.75912138888889
3308,Rusocice Na Brzegu (nż),-0.3125,16,49.99984555555555,19.60194111111111
715,Nowosądecka,4.881256472212634,2897,50.013963333333336,19.96548138888889
79,Plac Inwalidów,6.01644373542766,8149,50.06915166666667,19.92657361111111
893,Wołowice Szkoła,2.8,15,49.99370833333333,19.730990277777778
930,M1 Al. Pokoju,0.6666666666666666,6,50.06545027777778,19.996269722222223
1011,Skawina Wojska Polskiego,3.5714285714285716,21,49.9866,19.8144
1194,Krzyszkowice Modrzewiowa (nż),5.571428571428571,21,50.04183,19.81185
2563,Kolna (nż),3.7245817245817245,777,50.02421416666667,19.832618333333333
313,Komorowskiego,0.0,1,50.05340944444445,19.921724444444443
336,Michałowice II (nż),6.333333333333333,3,50.16664333333333,19.97819972222222
465,Zajezdnia Nowa Huta,-2.8333333333333335,12,50.08383472222222,20.065709444444444
562,Szczecińska,8.256410256410257,39,50.04251861111111,19.990548055555557
9,Mydlniki Stawy (nż),3.138888888888889,36,50.08759416666667,19.8407725
2959,Batowice Spławy (nż),1.1428571428571428,14,50.10954111111111,20.008565833333332
346,Krasieniec Remiza (nż),3.0,1,50.20093194444444,19.939155833333334
480,Łuczanowice,4.428571428571429,14,50.10724888888889,20.110848055555557
116,Spadochroniarzy,2.9473684210526314,57,50.08009472222222,19.981151944444445
1353,Modlniczka Poligon (nż),0.3333333333333333,3,50.115359444444444,19.868064444444446
2526,Pachońskiego,4.2412818096135725,1061,50.09520666666667,19.93151388888889
3064,Orszy-Broniewskiego,2.4838709677419355,62,50.00595,19.86409
32,Siewna,3.3846153846153846,117,50.09892611111111,19.947420277777777
624,Kabel,2.4460839954597047,881,50.02737861111111,19.976221944444443
781,Skawina Rynek,4.137254901960785,102,49.9752,19.8279
2565,Bagienna,1.975,40,50.0099875,19.84106638888889
3012,Balice Medweckiego (nż),3.19672131147541,61,50.06777722222222,19.801243333333332
3066,Łuczanowicka (nż),4.133333333333334,15,50.10115,20.09729
314,Słonecznikowa,2.0918367346938775,98,50.05921305555555,19.895990555555557
3317,Świątniki Górne Centrum,2.5306122448979593,49,49.934285833333334,19.953556388888888
513,Branice Na Dole (nż),2.0,4,50.06471,20.14134027777778
907,Dąbrowa Szlachecka Figurka (nż),2.3076923076923075,13,49.99592388888889,19.743653333333334
1015,Muzeum Armii Krajowej (nż),1.8672699849170438,663,50.07106111111111,19.948941944444446
2887,Liszki Wołowska Droga (nż),3.2646153846153845,325,50.03102722222222,19.749401944444443
3146,Golkowice Pętla,2.6486486486486487,37,49.9738,19.9673
358,Starowiślna,6.283783783783784,74,50.05674694444444,19.945551388888887
538,Wolica Kościół (nż),5.45,20,50.055144444444444,20.202166666666667
88,Uniwersytet Pedagogiczny,11.46023989338072,9004,50.07425555555555,19.91042138888889
945,Kenara (nż),3.0606060606060606,33,49.98200166666667,19.95996583333333
1,Młynka Pętla,7.0,4,50.112,19.6923
149,Zielony Dół,3.4473684210526314,38,50.0667475,19.85593666666667
2697,Tomaszowice Gliniki (nż),1.0,3,50.1348825,19.83161611111111
3219,Przebieczany,1.7272727272727273,11,49.97335,20.11136
391,Os.Na Lotnisku,4.522259828169747,3841,50.086132222222226,20.01360638888889
793,Mogilany Ośrodek Zdrowia (nż),1.06993006993007,143,49.94213638888889,19.89286027777778
1168,Wieliczka Rynek,5.8125,64,49.9842875,20.0639925
2492,Grabie Kuźnia (nż),1.3571428571428572,14,49.9278,19.7393
289,Liszki I (nż),2.6715328467153285,548,50.0389075,19.774349444444443
3189,Wiktorowice Rozlewnia Wód (nż),1.2,5,50.1321,20.0646
550,Na Załęczu,1.7857142857142858,14,50.059982222222224,20.024368055555556
646,Domagały,16.833333333333332,6,50.03295694444444,20.05094
1281,Wola Batorska Żwirownia (nż),1.6,5,50.05262472222222,20.266346111111112
1376,Radzikowskiego Osiedle,3.2857142857142856,7,50.08632055555555,19.893998611111112
2995,Bibice Na Czekaj,2.0,2,50.13274,19.96609
561,Lipska,2.4232804232804233,378,50.04088361111111,19.983226666666667
600,Dąbrowa,2.1627906976744184,43,50.07812,20.01489
1014,Pod Lipą (nż),1.826086956521739,69,49.97535,19.986633333333334
1088,Rzozów I (nż),2.6809815950920246,326,49.95802916666667,19.8013475
1309,Podłęże Centrum (nż),4.7272727272727275,11,50.014251944444446,20.1710475
2556,Siwka (nż),2.0714285714285716,14,50.05705888888889,20.014776944444446
2939,Rzeszotary Panciawa Pętla,0.7272727272727273,11,49.934835,19.999382222222224
2634,Opatkowice Zadworze,6.2105263157894735,38,49.98500027777778,19.919504166666666
2742,Św.Wawrzyńca,0.3,10,50.05125694444445,19.950981944444443
3124,Półłanki,5.289336316181954,1341,50.038,20.042402777777777
3180,Kępa (nż),1.5833333333333333,12,50.0568,20.068
342,Kozierów Skrzyżowanie (nż),6.0,4,50.18047444444444,19.94455138888889
472,Luborzyca,1.8333333333333333,6,50.14642,20.109299166666666
681,Teligi,4.151729004940014,2834,50.01656,20.006506944444446
1031,Rudawa Kościół,7.2727272727272725,11,50.122704722222224,19.711470555555554
1226,Czernichów Bór (nż),0.8235294117647058,17,50.0,19.6676
142,Sielanka,2.5714285714285716,98,50.06520361111111,19.877876666666666
3313,Mogilany Krótka (nż),3.8947368421052633,19,49.9336,19.9064
1095,Krzęcin Sklep,1.6986301369863013,73,49.9412,19.7501
2559,Koszykarska,12.0625,32,50.05255555555556,19.98945722222222
2783,Bibice Cmentarz (nż),3.611111111111111,18,50.1257,19.9424
2815,Wieliczka Sąd,4.428571428571429,7,49.9805,20.0511
2938,Lusina Zagrody (nż),1.6443298969072164,194,49.969233611111115,19.936184722222222
3244,Biskupia,11.920406435224386,3543,50.06695,19.93405
3286,Skrzeszowice OSP Boisko,2.0,3,50.18866027777778,20.144619166666665
571,Korona,0.625,8,50.04381166666667,19.94658972222222
668,Jasieńskiego (nż),1.6151832460732984,382,50.01710166666667,20.057274166666666
1285,Wola Batorska Mikoniowiec (nż),2.0,5,50.05819555555556,20.298565555555555
2487,Skawina Energetyków (nż),3.4846153846153847,130,49.98164194444445,19.810402777777778
2924,Rudawa Stadion (nż),6.909090909090909,11,50.11442944444445,19.711435
357,Poczta Główna,1.2692307692307692,26,50.05950194444444,19.942285555555557
463,Walcownia (nż),2.6666666666666665,3,50.08969,20.08377
750,Las Borkowski,2.8962962962962964,135,50.00827972222222,19.90691111111111
766,Skotniki,3.322876447876448,2072,50.00691611111111,19.874061944444446
1230,Rusocice Wieś,0.625,16,50.00120861111111,19.613040833333333
2652,Branice Ośrodek Zdrowia (nż),1.75,4,50.05833305555556,20.129327777777778
2740,Krzyszkowice Os.Szymanowskiego (nż),6.05,20,49.9887,20.0373
2996,Głęboka Kolonia (nż),1.5,4,50.1322525,20.144520555555555
3116,Fatimska (nż),3.9324324324324325,74,50.09319083333333,20.02914611111111
56,Makowskiego,3.9968421052631578,3800,50.0878275,19.929061666666666
599,Kostrze OSP,2.0232558139534884,43,50.02865972222222,19.852156666666666
127,Uniwersytet Ekonomiczny,3.982304526748971,2430,50.06799916666667,19.952386666666666
2471,Skawina Os.Radziszowskie (nż),3.640151515151515,264,49.96176916666667,19.816444722222222
2474,Skawina Popiełuszki,3.671312427409988,861,49.9745,19.8308
2868,Skawina Ofiar Katynia,4.625,8,49.97676416666667,19.7859825
2891,Czernichów Ratanice Most (nż),-0.6666666666666666,15,49.995283055555554,19.657449444444445
485,Wadów,3.857142857142857,7,50.09730555555556,20.1245275
2567,Górka Pychowicka (nż),2.028169014084507,71,50.0339525,19.875733888888888
2909,Godlewskiego,3.6570783981951496,1773,50.082348055555556,19.853515555555557
2962,Batowice Dłubnia,1.2666666666666666,15,50.11395611111111,20.023781111111113
36,Clepardia,4.721829991527817,3541,50.09365555555556,19.945058055555556
397,Zajezdnia Bieńczyce,3.367456896551724,928,50.09111,20.032706666666666
409,Centralna,8.395833333333334,48,50.06921611111111,20.012724722222224
768,Kobierzyn,4.91313789359392,921,50.00726,19.891825833333332
2476,Skawina Podlipki,3.7034671532846715,1096,49.988141666666664,19.84389361111111
3037,Cienista,2.368231046931408,1385,50.08555694444444,20.03895361111111
3075,Radziszów Szpital,2.0555555555555554,18,49.906685555555555,19.834015833333332
3168,Maciejowice Skrzyżowanie (nż),1.5,6,50.14,20.0743
384,Łęczycka,3.9476439790575917,191,50.09290222222222,20.006396111111112
420,Teatr Ludowy,4.056853770175861,4151,50.081632222222225,20.03313027777778
37,Mackiewicza,4.616545357713474,5633,50.090246944444445,19.943689444444445
563,Łanowa,3.0,11,50.03920361111111,19.99237722222222
603,Podgórki Tynieckie,0.3888888888888889,18,50.0063825,19.84446361111111
1328,Agatowa (nż),4.297977036632039,1829,50.021906111111115,20.042404444444443
165,Węgrzce Centrum,2.0,2,50.1201,19.9742
3263,Plac Axentowicza,12.580740532169505,7103,50.07142,19.92559
3293,Słowiańska,12.79632768361582,3540,50.068765,19.937056944444443
386,Os.Kalinowe,5.642857142857143,28,50.09145361111111,20.0102175
2568,Rodzinna,2.2253521126760565,71,50.035153055555554,19.885664722222224
2583,Hallera (nż),4.620689655172414,58,50.00355555555556,19.994358333333334
2733,Słomniki Kościuszki,1.25,4,50.2433,20.0828
2853,Skawina Graniczna (nż),3.9,20,49.9766,19.8613
2978,Zielonki Marszowiec Pętla,2.4642857142857144,28,50.12355361111111,19.939791666666668
431,Orkana,5.466666666666667,15,50.07327194444444,20.05022
2490,Jurczyce Podole (nż),2.0,11,49.93873222222222,19.790900555555556
2595,Cechowa (nż),5.5,56,50.0069925,19.971865833333332
1003,Lusina Dwór,2.5555555555555554,9,49.9736,19.928
1229,Rusocice Skład (nż),-0.375,16,49.99492,19.60631111111111
2607,Słomczyńskiego,2.85099685204617,1906,50.098347777777775,19.958133055555557
2689,Rostworowskiego,4.130030959752322,1292,50.028195,19.914654722222224
275,Przegorzały,2.2104283054003724,537,50.046796944444445,19.871619166666665
2960,Bibice Kościuszki,3.259259259259259,27,50.12140888888889,19.958725555555556
3005,Kocmyrzów Sodfiny (nż),1.5,4,50.13001416666667,20.13723277777778
3129,Swoszowice Szkoła,3.7777777777777777,27,49.99406861111111,19.946715833333332
3130,Merkuriusza Polskiego,2.2237061769616027,1198,49.992715277777776,19.940179166666667
3303,Kaszów Szkoła nr 2 (nż),3.1666666666666665,204,50.021904444444445,19.728978055555555
395,Nowolipki (nż),1.1818181818181819,22,50.0932775,20.033005
909,Wołowice Kapliczka,2.4,20,49.9866,19.7277
222,Balice Szkoła,1.8421052631578947,19,50.08428111111111,19.792098888888887
253,Cholerzyn Sklep (nż),3.2857142857142856,21,50.05918111111111,19.768909722222222
3108,Cmentarz Bronowice (nż),9.0,11,50.09502722222222,19.873800555555555
362,Miodowa,0.3333333333333333,9,50.053627222222225,19.948488333333334
969,Modlnica II (nż),1.0,4,50.13639361111111,19.865494166666668
1258,Bojki,5.811320754716981,53,50.00787,19.961854444444445
1360,Plac Wszystkich Świętych,1.0,4,50.059115,19.9377625
172,Wola Zachariaszowska,1.6,5,50.15045722222222,19.93150027777778
2569,Pychowice,1.9428571428571428,70,50.03676083333333,19.894548611111112
3111,AGH / UR,5.944915254237288,7316,50.06351166666666,19.92372388888889
575,Szwedzka,3.388909426987061,2705,50.0467725,19.92557638888889
732,Swoszowice Poczta,2.382239382239382,1295,49.990564166666665,19.941915555555557
911,Wieliczka Kościół,4.651535380507343,749,49.98858305555556,20.054611666666666
988,Tomaszowice I (nż),0.3333333333333333,3,50.1352,19.8486
1214,Przeginia Duchowna (nż),2.4,5,50.03438138888889,19.64563638888889
1284,Wola Batorska Borek (nż),2.0,5,50.053715833333335,20.295906111111112
1327,Niedźwiedź Felix (nż),1.0,6,50.22380555555556,20.081973055555554
181,Zielonki UG,3.225,40,50.118228888888886,19.92218861111111
2928,Krzęcin Pętla,1.6666666666666667,3,49.953,19.7297
2966,Narama Remiza,1.5,2,50.1807,19.9326
306,Rączna Osiedle (nż),2.6666666666666665,12,50.001241388888886,19.75542
63,Krowodrza Górka,-2.8955438428366076,2087,50.088430555555554,19.93143166666667
934,Krasieniec Zakupny,3.0,1,50.2114,19.9495
1086,Skawina Koncentraty,3.9047619047619047,84,49.97279694444445,19.814531666666667
235,Aleksandrowice,1.7,10,50.0812225,19.76398361111111
3242,Teatr Słowackiego,4.7281219272369714,2034,50.06413472222222,19.945067777777776
65,Lekarska,5.367685589519651,1145,50.08669666666667,19.938390555555557
752,Skośna,4.581143740340031,1294,50.01148166666667,19.89859
265,Bielańska (nż),2.103448275862069,29,50.036653055555554,19.825678055555557
2781,Budzyń Zalew Budzyński (nż),2.9545454545454546,22,50.052439722222225,19.78343361111111
2993,Gnieźnieńska (nż),3.0,7,50.08351694444445,19.905993055555555
3212,Wrząsowice Rondo,1.2506666666666666,375,49.97114,19.94722
331,Michałowice (nż),4.0,2,50.151273055555556,19.983760277777776
580,Praska (nż),1.9076923076923078,65,50.04973861111111,19.92049861111111
121,Narzymskiego,4.147186147186147,3003,50.0736225,19.966100277777777
1325,Ratajów Skrzyżowanie (nż),1.1666666666666667,6,50.23040388888889,20.082048888888888
2706,Libertów,2.707910750507099,493,49.9733425,19.906630833333335
2878,Chopina,4.781657712970069,2606,50.067524166666665,19.91723
641,Przewóz,1.5,2,50.04176361111111,20.062521666666665
1115,Zelczyna Sklep,7.5,20,49.96039527777778,19.74780861111111
252,Cholerzyn Skrzyżowanie (nż),3.0952380952380953,21,50.05793111111111,19.761960555555557
746,Solvay,4.054711246200608,329,50.01621305555555,19.928137777777778
882,Buków Klin (nż),1.5625,16,49.94658472222222,19.841803333333335
1176,Giebułtów Plac Zabaw (nż),1.5,4,50.144,19.8786
1198,Przeginia Duchowna Szkoła (nż),1.3888888888888888,18,50.023963611111114,19.655744444444444
1233,Wielkie Drogi Szkoła (nż),9.571428571428571,7,49.961,19.6937
1287,Zabierzów Bocheński Centrum (nż),1.5,6,50.067859722222224,20.319696944444445
2602,Sudolska,6.070450097847358,1022,50.09191111111111,19.964616111111113
315,Hofmana,3.0652173913043477,46,50.057535,19.900175833333332
3297,Mników Sklep (nż),3.15,20,50.05986388888889,19.728155555555556
510,Igołomska (nż),7.956521739130435,23,50.07343916666667,20.151438055555555
871,Szczyglice Dom Kultury,3.46875,32,50.0938025,19.80824722222222
1189,Piekary Pałac (nż),1.8636363636363635,22,50.0204,19.7937
1352,Giebułtów Zbiornik (nż),1.25,4,50.1475,19.8752
2950,Wrząsowice Nad Wilgą,2.25,16,49.96752138888889,19.952919444444444
2970,Korzkiew Botoja (nż),4.0,1,50.1556,19.8834
3055,Cholerzyn Zagórze (nż),3.0952380952380953,21,50.057905,19.76199
3271,Brzozówka Oskarówka,0.25,4,50.1755,19.8964
62,Krowoderskich Zuchów,3.6756176154672393,1862,50.08877638888889,19.925916666666666
883,Buków Szkoła (nż),1.5333333333333334,15,49.9465,19.8466
12,Rondo Ofiar Katynia,4.695553725813092,4858,50.08741638888889,19.891773333333333
2585,Kosocicka (nż),3.1831869510664994,797,50.00443083333333,20.011259166666665
2722,Wielicka Granica Miasta,4.60221550855992,993,49.99931055555555,20.027934444444444
618,Sucha,3.7289812067260137,1011,50.024364722222224,19.94211111111111
630,Bieżanowska,5.603371783496007,5635,50.02372777777778,19.981045833333333
1094,Grabie Polanka (nż),1.7857142857142858,168,49.93367777777778,19.752050277777776
1166,Sikorki,1.5,14,50.062910277777775,20.022440833333334
1330,Ochodza Staw (nż),18.5,2,49.9701,19.746
2727,Ochmanów Otaczarnia (nż),6.0,5,50.00245666666667,20.1243625
3284,Wola Luborzycka Skrzyżowanie (nż),2.0,3,50.159999166666665,20.116878888888888
417,Żeromskiego,4.404572564612326,3018,50.07863916666667,20.03894861111111
83,Urzędnicza,12.266366324088413,7103,50.07188361111111,19.919670555555555
333,Michałowice I,7.0,1,50.15857638888889,19.980449444444446
518,Drożyska (nż),5.181818181818182,22,50.065105833333334,20.168253888888888
721,Zbydniowice,2.05,20,49.97276472222222,19.947286388888887
1103,Skawina Piłsudskiego,5.208333333333333,24,49.972299722222225,19.79823861111111
123,Brogi,1.7407407407407407,108,50.07977361111111,19.960191388888887
215,Kochanów,5.928571428571429,14,50.11484111111111,19.74793222222222
2598,Wrony,4.205362982341399,1529,49.99531861111111,19.852407222222222
3007,Będkowice Cmentarz (nż),480.0,3,50.17219,19.74957
954,Goszyce Remiza (nż),3.3333333333333335,3,50.178825555555555,20.13216111111111
1197,Nowa Wieś Jesionka (nż),1.5,18,50.026648888888886,19.681091388888888
2551,Barwna (nż),3.0,6,50.10746361111111,20.151678611111112
3292,Kocmyrzów-Luborzyca Urząd Gminy,1.8333333333333333,6,50.1361,20.11384
1083,Baczyńskiego (nż),3.754120879120879,1456,50.0033025,19.869216666666667
1118,Borek Szlachecki I (nż),5.666666666666667,21,49.9657775,19.777734722222224
1246,Ściejowice Na Bagnach (nż),3.032258064516129,31,50.00317861111111,19.778316944444445
13,Katowicka,9.363636363636363,11,50.090223888888886,19.882942777777778
2796,Banacha,8.695121951219512,82,50.1015,19.9642
445,Kantorowice,2.1690140845070425,71,50.10433472222222,20.061780833333334
706,Kosocice,1.9,10,49.994215,19.989235555555556
810,Bora-Komorowskiego,3.9756662804171494,2589,50.085816666666666,19.97944888888889
1255,Bonarka,6.206400302972922,5281,50.02943,19.953555
157,Leśmiana,3.1052631578947367,38,50.06822638888889,19.832901111111113
191,Przybysławice II,2.2,5,50.1572,19.8952
2486,Skawina Robotnicza,3.5891472868217056,129,49.9815,19.8006
2558,Stare Wiślisko,5.641025641025641,468,50.059425555555556,20.050279166666666
260,Bielany,2.6270983213429258,834,50.043213888888886,19.81998888888889
2963,Michałowice Gościniec (nż),6.5,4,50.17375972222222,19.943899722222223
182,Zielonki Skrzyżowanie,3.1025641025641026,39,50.10798888888889,19.924287777777778
3102,Bielany Obwodnica (nż),2.791314837153197,829,50.04183,19.81185
939,Os.Na Stoku,0.28205128205128205,39,50.0978025,20.05018611111111
1098,Krzęcin Kapliczka (nż),5.142857142857143,7,49.9455,19.7329
264,Skalna (nż),1.9866310160427807,374,50.03888666666667,19.831199444444444
2857,Gaj Rudawa (nż),2.6666666666666665,3,49.9561,19.9033
3211,Bosutów Remiza,2.4,20,50.1233,19.9942
3218,Tomaszkowice,2.3636363636363638,11,49.97585,20.09918
3324,Chorowice Pętla,1.6857142857142857,140,49.94958472222222,19.869483055555555
508,Wyciąże (nż),5.174603174603175,63,50.077103055555554,20.153719722222224
651,Szparagowa,4.816993464052287,612,50.043955555555556,20.045538333333333
662,Bieżanów Trafo,1.6666666666666667,378,50.02119805555556,20.016599444444445
1101,Skawina Korabnicka (nż),5.230769230769231,13,49.9742,19.8476
1164,Pszona,2.062772449869224,1147,50.07859611111111,19.976783055555554
175,Garlica Murowana,2.0,3,50.14090861111111,19.927508055555556
760,Opatkowice Wiadukt (nż),2.235255135851557,1509,49.99467777777778,19.91840611111111
94,Lublańska,4.351145038167939,131,50.08508166666667,19.9627775
1279,Niepołomice Batorego II (nż),0.8,5,50.04207888888889,20.229625555555554
137,Zarzecze,5.391867333030441,4402,50.0772,19.8892
2730,Wieliczka Niepołomska (nż),6.25,4,49.9923,20.0858
3136,Kurzei,3.4666372072470173,2263,50.09518805555555,19.98882111111111
3203,Szpital Jana Pawła II,4.178978102189781,3425,50.08837944444444,19.93863
3298,Cholerzyn Skwer (nż),3.380952380952381,21,50.05838111111111,19.774993333333335
469,Lubocza Przychodnia,4.869565217391305,23,50.09491388888889,20.084093055555556
72,Pędzichów,4.142857142857143,7,50.06955583333333,19.937603055555556
767,Babińskiego,4.290322580645161,1798,50.007194166666665,19.8807025
161,Olszanica Bory,2.682926829268293,41,50.06191888888889,19.805633055555557
2503,Wieliczka Park,4.966666666666667,60,49.987139722222224,20.050026111111112
2539,Rondo Hipokratesa,5.226345609065156,3530,50.09047777777778,20.02215916666667
3006,Wieliczka Os.Asnyka,6.2075471698113205,53,49.9825,20.0699
3216,Lednica Górna Chorągwica (nż),2.272727272727273,11,49.97828,20.08677
1073,Węgrzce Magiczne Wzgórze (nż),2.875,24,50.113997222222224,19.974619722222222
2527,Prądnik Biały,0.8895131086142322,534,50.096325,19.93022
392,DH Wanda,4.522058823529412,2584,50.085160277777774,20.02003638888889
758,Judyma,1.8852140077821011,2570,50.00192916666666,19.92224277777778
884,Kulerzów (nż),2.007142857142857,140,49.94530916666667,19.853745
923,Beskidzka,6.405278592375367,1705,50.01851388888889,19.951625
151,Chełm,3.3783783783783785,37,50.067750277777776,19.846721944444443
2542,Makuszyńskiego (nż),2.4057971014492754,828,50.089419166666666,20.04283638888889
3045,Szczyglice Autostrada,4.09375,32,50.09294916666666,19.81567527777778
3051,Świątniki Górne Piasna Górka (nż),2.111111111111111,18,49.931959166666665,19.97379777777778
3073,Chełmońskiego Osiedle,5.730985915492957,710,50.091388888888886,19.903055555555557
1102,Skawina Korabnicka Szkoła (nż),5.2,5,49.9742,19.8369
2518,Benedyktowicza (nż),1.9370339685169842,1207,50.047579166666665,19.889371944444445
2769,Bosutów Krakowska (nż),2.1052631578947367,19,50.1151,19.9952
2852,Wieliczka Goliana,5.285714285714286,7,49.9845,20.0606
2907,Wołowice Pichonówka (nż),3.1538461538461537,13,49.988611666666664,19.713166666666666
3070,Petrażyckiego Osiedle (nż),4.580246913580247,81,49.98429888888889,19.895875555555556
321,Uniwersytet Jagielloński,2.451002227171492,1796,50.06028388888889,19.93105
367,Francesco Nullo,10.428571428571429,28,50.06014,19.967299444444443
487,Węgrzynowice,1.3333333333333333,3,50.11535194444444,20.153433055555556
1055,Michałowice Ujęcie Wody (nż),5.666666666666667,3,50.15831472222222,19.966485555555554
2707,Libertów Szkoła,4.204081632653061,147,49.97248416666667,19.898380833333334
3173,Skawina Tyniecka Rzepnik (nż),3.6363636363636362,22,49.99118,19.81357
791,Gaj Zadziele,2.193548387096774,31,49.9552,19.8894
809,Włosań Kopań (nż),2.8,5,49.9236,19.92
262,Bielany Klasztor (nż),2.5349397590361447,830,50.04338555555555,19.831096944444443
3166,Dziekanowice Kapliczka,1.8,20,50.11727,20.01224
3227,Wołowice Grotowa Skrzyżowanie (nż),3.5454545454545454,11,49.98453666666666,19.75466
499,Wróżenice,0.6,5,50.11363055555555,20.189603333333334
984,Modlniczka,0.6666666666666666,3,50.11987638888889,19.854758888888888
129,Cystersów,2.4285714285714284,7,50.06645722222222,19.971869722222223
1364,Wielkie Drogi (nż),8.25,8,49.958840555555554,19.722154166666666
2472,Skawina Radziszowska (nż),3.244360902255639,266,49.969388888888886,19.8227125
2499,Mogilany Cicha (nż),2.085972850678733,221,49.93796388888889,19.893085833333334
2515,Wileńska,1.6730769230769231,52,50.082368611111114,19.953855
2651,Chałupki Górne (nż),1.75,4,50.05484138888889,20.125366111111113
2969,Owczary (nż),0.3333333333333333,3,50.1775,19.9082
579,Rynek Dębnicki,1.7014925373134329,67,50.05179805555556,19.926834166666666
1341,Rybna Zagórze (nż),4.638297872340425,47,50.0328,19.635
3133,Cmentarz Wróblowice,3.264705882352941,34,49.979816944444444,19.955005555555555
378,Os.Piastów,4.428571428571429,14,50.10077888888889,20.013071666666665
76,Grottgera,8.996202200104767,15272,50.07176638888889,19.929823055555556
1002,Lusina Spacerowa,2.7777777777777777,9,49.9706,19.9307
1125,Wola Radziszowska Most (nż),2.8784722222222223,288,49.9072,19.8048
196,Rząska Autostrada (nż),8.75,4,50.10546444444444,19.83586888888889
278,Nowa Wieś Szlachecka,1.411764705882353,17,50.02589916666667,19.68999
2905,Lusina (nż),2.7777777777777777,9,49.975321944444445,19.923484166666668
2911,Chrosna Pętla,1.0,4,50.0822,19.7095
2937,Lusina Kraśnik (nż),1.676923076923077,195,49.96393,19.935019722222222
2961,Bibice Rynek,2.56,25,50.12658,19.95355138888889
3040,TAURON Arena Kraków Wieczysta,1.9556962025316456,1264,50.07144111111111,19.983273055555557
337,Laskowiec (nż),6.666666666666667,3,50.1726025,19.96151888888889
460,Mrozowa (nż),7.1,10,50.08405,20.07177
2639,Ważewskiego,2.7411575562700965,622,49.98338666666667,19.912369166666668
2874,Strycharska,3.1666666666666665,6,50.04335416666667,19.976589444444443
370,Dąbie,2.590909090909091,22,50.06091527777778,19.979602222222223
765,Brücknera,3.390625,64,50.012076944444445,19.87584138888889
1091,Gołuchowice Jurczyce,2.067484662576687,163,49.94358305555556,19.778128055555555
1306,Niepołomice Boryczów (nż),4.264957264957265,117,50.0234,20.1987
192,Droga do Rząski (nż),8.0,9,50.10201472222222,19.861470277777777
2525,Mydlniki Granica Miasta (nż),3.189189189189189,37,50.090085555555554,19.837287222222223
2534,Olszanica Ogródki Działkowe (nż),2.1052631578947367,38,50.06440111111111,19.818655555555555
2590,Drużbackiej,2.0759493670886076,79,49.98220861111111,19.989319722222223
311,Salwator,0.509090909090909,55,50.05292611111111,19.915819166666665
3175,Nowy Bieżanów P+R (nż),2.549949545913219,1982,50.0151,20.02468
435,Darwina,3.053475935828877,1496,50.09093166666667,20.05944
590,Zachodnia,4.706563706563706,1295,50.02365,19.910720555555557
655,Jeżowa,6.647058823529412,68,50.03816527777778,20.02708527777778
956,Polana Żywiecka (nż),3.6285714285714286,35,50.011071111111114,19.909123333333334
972,Wielka Wieś (nż),1.0,6,50.15687555555556,19.843215555555556
226,Balice I (nż),3.526315789473684,19,50.076056666666666,19.807758055555556
2647,Wyciąska (nż),4.5,22,50.06966777777778,20.16262861111111
2746,Prokocim Rynek,2.108433734939759,332,50.02349638888889,19.997249166666666
2780,Budzyń Plaża Główna (nż),2.8636363636363638,22,50.04765361111111,19.791623055555554
2901,Rączna OSP (nż),2.691666666666667,240,50.008181666666665,19.76722611111111
2973,Grębynice OSP (nż),4.0,1,50.1661,19.8728
2732,Rzeszotary Tempo (nż),2.46875,32,49.941767222222225,19.98973527777778
301,Ściejowice Granica (nż),2.7058823529411766,34,50.0113,19.7752
611,Rzemieślnicza,3.375,8,50.032940833333335,19.938583055555554
717,Karpińskiego,6.708,1250,50.01639,19.96336388888889
1310,Podłęże Straż (nż),4.571428571428571,7,50.013440277777775,20.16455638888889
2886,Kaszów Wyźrał (nż),2.8118811881188117,202,50.01571361111111,19.718715
3223,Trąbki OSP,1.6923076923076923,13,49.95798,20.14657
1222,Kamień Dół (nż),2.8527918781725887,197,50.0093,19.584
145,Baba Jaga (nż),0.7090909090909091,55,50.059155,19.862419444444445
3013,Balice Olszanica Bory,2.5,6,50.06227,19.804085
330,Bibice (nż),3.0,12,50.13306472222222,19.96696861111111
920,Czerwiakowskiego,11.969696969696969,33,50.008316944444445,20.010077777777777
2524,Lindego (nż),3.8948254101809003,2377,50.08059277777778,19.870806666666667
3199,Rząska Szkoła,8.666666666666666,9,50.098733333333335,19.838547777777777
332,Michałowice Komora (nż),3.8181818181818183,11,50.14214805555556,19.970396944444445
542,Siejówka (nż),5.45,20,50.05713333333333,20.1811525
57,Stachiewicza,10.424242424242424,66,50.08490611111111,19.91637111111111
861,Ochojno Remiza,0.8333333333333334,6,49.95422111111111,19.973737777777778
216,Droga do Niegoszowic (nż),7.363636363636363,11,50.112989166666665,19.734805833333333
3291,Goszyce Pod Lasem (nż),2.6666666666666665,3,50.171283333333335,20.125127777777777
522,Cło,9.454545454545455,11,50.08042472222222,20.185095
572,Smolki,0.875,8,50.0415125,19.943302222222222
937,Lubostroń (nż),4.481395348837209,1290,50.01490861111111,19.902166944444446
990,Tonie Gliniki (nż),1.0,5,50.11695527777778,19.89421
1001,Lusina Szkoła,2.6666666666666665,9,49.9676,19.9301
119,Pilotów,3.7926565874730023,4167,50.078380555555555,19.970936666666667
2543,Wańkowicza,2.420487106017192,1396,50.0872375,20.047040555555554
3277,Węgrzynowicka (nż),3.2857142857142856,7,50.09942,20.14814
898,Wieliczka Cmentarz,4.20925341745531,951,49.987319722222225,20.06476388888889
1195,Krzyszkowice Różana (nż),5.636363636363637,11,49.9985,20.0243
1329,Ochodza Dom Ludowy (nż),18.5,2,49.9667,19.7417
2854,Skawina Bukowska (nż),2.888888888888889,9,49.9619,19.8364
3120,Cmentarz Ruszcza (nż),4.90625,32,50.08492805555556,20.14979611111111
699,Soboniowice,1.8783783783783783,74,49.979438333333334,19.989418333333333
